Date,SMB,HML,WML,MF,RF
1993-10,2.98065961,2.58723511,3.01110383,NA,NA
1993-11,-9.4227054,-0.5585866,12.6212337,17.6218944,0.6114321
1993-12,-3.774003,7.55343817,-3.3044504,8.29219217,0.61301005
1994-01,5.30046109,-4.1863198,-5.0989601,18.717821,0.85679692
1994-02,3.63938631,-2.5723613,5.06196109,4.88687111,0.6200174
1994-03,2.31439989,-1.8971445,-0.9982933,-13.21238,0.61838312
1994-04,0.04069131,-4.6530623,-1.8947799,-2.6972869,0.56198634
1994-05,1.1405509,5.91757674,-9.7955182,2.65874756,0.62980846
1994-06,-5.5595509,11.4235074,-0.9027474,7.27143852,0.64711683
1994-07,9.23846505,-1.2750652,-10.179052,4.17299793,0.67986136
1994-08,4.41812323,-2.3416929,-2.0933128,8.59465218,0.71637083
1994-09,7.86089434,1.68129983,-4.2078302,-6.0196537,0.66397986
1994-10,4.61075664,9.40081136,0.49052351,0.20725782,0.72884106
1994-11,NA,NA,NA,-0.2637035,0.66707589
1994-12,5.19754487,-6.0056733,-5.3368159,-8.4245909,0.74366995
1995-01,3.76485324,-3.948182,-2.2225273,-9.266371,0.93324697
1995-02,-4.7305415,4.00547593,4.90283498,-7.5551711,0.82128936
1995-03,1.50858679,1.47087817,-1.8894737,-5.6883157,0.94583886
1995-04,-8.4698075,-2.1892617,0.68795429,-9.580867,0.87022231
1995-05,-3.6153981,-4.7778277,-2.3983152,0.25947721,1.02123421
1995-06,-6.0641479,0.34014057,1.6746221,-6.5921109,0.96228981
1995-07,-1.7558851,1.19206888,-1.0351095,3.00312168,1.02767381
1995-08,0.49282016,-2.4487918,6.16473024,-5.2816759,1.0163912
1995-09,-3.8769146,2.1428488,0.74375334,1.27065408,0.94479448
1995-10,-1.0318605,0.28976875,0.80707987,-5.272894,1.05628457
1995-11,-0.2130799,-2.9016934,-2.8842222,-14.746747,1.00586115
1995-12,-1.5578054,-1.3054962,0.35571988,3.65834483,0.97277559
1996-01,-5.7656677,-5.4421216,5.74703318,-8.3167028,1.10769209
1996-02,-2.3803657,-5.9293515,0.09287371,14.1743772,0.97277559
1996-03,-4.7017688,-7.7659503,7.08470685,-0.1546591,0.97277559
1996-04,-10.603408,-0.534751,6.88786754,10.6537476,1.06088157
1996-05,-4.0999925,-3.5763851,10.8766908,-4.6388925,0.99621186
1996-06,-5.2356718,-2.1926246,6.12612566,2.75446177,0.9010752
1996-07,-4.5523416,-5.093099,8.6006247,-11.445251,0.91630918
1996-08,0.81887811,-0.8919365,-4.3575928,-2.9296515,0.72874578
1996-09,-4.1927808,-1.9705874,2.85682001,-10.878223,0.81453226
1996-10,-4.0686862,2.06040194,-1.8823033,-4.8755422,0.80162281
1996-11,-2.5666331,2.77032387,3.3052189,-9.4522497,0.57013438
1996-12,-1.6994297,11.1977885,-12.064464,7.56460339,0.68764139
1997-01,-7.0452626,3.10189132,-13.869331,6.24057003,0.66601032
1997-02,-13.282309,2.19099547,10.1147808,3.61089881,0.57662402
1997-03,-7.2426526,-1.2739748,7.78488614,-5.5035805,0.6480616
1997-04,-8.7107122,-5.7082453,7.61864919,9.69273244,0.52777575
1997-05,-5.6409151,-8.8854069,11.7096384,-1.5225026,0.51590129
1997-06,-9.7571947,-5.7295578,3.12247645,12.3849237,0.56696974
1997-07,9.6417656,16.5823192,-10.526319,3.25864977,0.56323761
1997-08,1.58616717,-0.9644848,-0.8559794,-9.2660817,0.51052479
1997-09,-9.5544335,-2.3036697,14.8112703,-1.7587268,0.57386681
1997-10,-3.2942788,-4.6069553,4.05211121,-3.5665004,0.53745552
1997-11,0.89191824,-9.5142609,8.20208021,-6.4465151,0.47988476
1997-12,-0.9679853,0.76896992,-5.4666873,-0.098641,0.61284728
1998-01,1.78551619,5.05617353,-11.892022,-11.814101,0.57551052
1998-02,-7.1049477,-5.8465151,6.38929514,10.8816316,0.54389296
1998-03,2.55385495,2.74744927,-18.763481,6.35263345,0.62183307
1998-04,4.6098054,10.0742981,-9.92535,6.55198193,0.58285547
1998-05,-1.0091246,9.79164091,3.68272009,-3.1620048,0.56039111
1998-06,1.150084,-14.430095,1.67049698,-17.003031,0.62183307
1998-07,4.3497029,-11.145576,11.9849685,-0.6441939,0.62467681
1998-08,6.54682486,6.53441289,-4.1348649,-3.5654404,0.63392558
1998-09,-1.4654888,-1.2531702,-8.9646225,4.42689983,0.68219677
1998-10,3.15259186,1.23764517,0.74584824,-7.9759988,0.77216338
1998-11,-1.0068639,2.27435527,-3.7475222,-2.5044988,0.75244673
1998-12,0.81126585,-9.3472615,-0.6549621,7.80769588,0.77126182
1999-01,4.19825179,2.21260301,15.1939774,6.68728008,0.72341101
1999-02,-0.9044896,-9.0000285,11.4537481,0.32102473,0.72330388
1999-03,14.2769555,-5.3822576,10.3926474,7.24422219,0.75017361
1999-04,-6.4968469,1.33467183,-3.1624358,-10.188633,0.67619285
1999-05,-7.8397794,-0.8970342,-10.763674,12.0152405,0.68828386
1999-06,-4.9151001,11.4685857,-12.495722,4.76750622,0.70636815
1999-07,2.38541353,2.86037793,-0.3218932,11.4244245,0.73143336
1999-08,13.4189045,8.8561117,-9.5387929,12.8258641,0.77124086
1999-09,-6.1296402,-6.0627275,8.93360267,2.97890317,0.74506412
1999-10,-4.2178818,22.560983,-1.666365,-3.7899774,0.72013944
1999-11,2.49317253,-16.272347,16.1097838,6.81870628,0.78785069
1999-12,12.5922414,-6.1852822,30.4749625,14.4885478,0.70117388
2000-01,-1.1799365,-18.966081,7.70867653,5.6832471,0.75971046
2000-02,5.31382409,-6.4475691,26.6749366,11.8716209,0.66101675
2000-03,-6.0327837,4.38020313,-10.882651,-12.559522,0.7431442
2000-04,-5.4742891,-1.6160643,-21.118912,-22.773565,0.6225224
2000-05,-9.3253184,16.4335159,-19.78188,-9.5089224,0.70660811
2000-06,3.04630255,-6.861447,8.59822089,9.32418956,0.7017127
2000-07,-3.9910877,3.6905431,-10.667409,-11.511471,0.71858341
2000-08,3.97029197,-0.1331196,2.5819424,6.58440687,0.78649263
2000-09,-1.9753916,5.67637682,-2.7303403,-10.912027,0.78265827
2000-10,-2.6542943,8.43275183,-6.1043138,-8.7993241,0.82248989
2000-11,-4.9016544,14.1649623,-9.2145534,7.03759213,0.72180906
2000-12,-1.9085132,5.07500662,0.73248601,-2.347968,0.68282763
2001-01,-9.9087506,5.48351444,6.62765357,6.56106778,0.76770694
2001-02,-2.4027408,12.3329349,16.3680064,-4.2318818,0.6350565
2001-03,-7.0200864,-3.6653762,35.8193052,-21.720447,0.65105529
2001-04,-6.507621,3.51369008,-3.2615239,-1.8489276,0.67925332
2001-05,4.47081335,0.69981009,-7.9171792,6.06790813,0.62840028
2001-06,-3.4915713,-7.9924097,4.83461265,-8.2115933,0.56123998
2001-07,-3.7713293,-0.8035847,16.7162542,-4.5845793,0.60063247
2001-08,5.01973099,-2.4651631,-5.5325977,-1.3869193,0.57070198
2001-09,0.48929236,-0.3788032,21.1936542,-14.223012,0.51823175
2001-10,2.84629486,0.23673724,-13.3251,5.06263349,0.60466203
2001-11,8.43322147,-0.3406194,-27.614831,12.4228012,0.51681645
2001-12,1.11589388,-5.2381205,-3.7147107,-0.3804719,0.57599469
2002-01,-1.4917357,-5.7256775,5.6696653,1.81413281,0.56141957
2002-02,-13.833203,5.16675555,9.42768378,8.81241499,0.47301352
2002-03,1.61073696,-5.9632672,7.86473233,2.34500265,0.45506884
2002-04,4.56470067,2.38664528,4.33333072,1.8511006,0.52261277
2002-05,-1.1405737,24.6427799,-4.2655888,-4.7252192,0.54187623
2002-06,12.4870018,24.5235662,-3.6725421,4.40845226,0.47782084
2002-07,-7.8812212,-7.9280835,1.06966666,-9.1317792,0.5159777
2002-08,-2.7012437,-4.8528731,-2.3061852,4.97911781,0.46439064
2002-09,1.79897726,-1.0405926,-3.5591399,-6.7523251,0.47433854
2002-10,-5.1851757,1.07730728,8.57305093,-0.9149939,0.4750891
2002-11,0.92225829,4.12210007,-9.0605695,6.4439869,0.42381702
2002-12,-1.182057,-1.6424878,3.5984046,3.87761515,0.45620244
2003-01,-4.7365789,1.72486769,8.71873251,-3.6718918,0.45151925
2003-02,-2.6021599,-1.342868,3.57558449,1.5424742,0.42480127
2003-03,-4.7216709,-5.1773202,5.3159691,-8.7692474,0.47925887
2003-04,3.05323174,2.57762165,-2.6177722,-0.8837989,0.4218422
2003-05,4.29872075,9.42719234,7.22426345,15.2495226,0.36450335
2003-06,2.89511256,6.00024808,-6.4891008,12.1850793,0.40828345
2003-07,5.05245929,3.19385045,1.24060937,4.79705901,0.4071012
2003-08,-8.0607797,3.85801973,7.08488024,18.3573169,0.38005516
2003-09,-2.4009522,-16.529847,0.96279597,3.34026045,0.39725099
2003-10,-3.9536501,-3.1622982,4.82631661,5.55382287,0.37807572
2003-11,8.52094546,13.8800871,-5.7642593,6.96934061,0.33918104
2003-12,4.38046649,10.1043043,-2.9830246,18.9407786,0.3727287
2004-01,-9.3259619,-5.0096517,3.50469684,-6.2089953,0.34201973
2004-02,-2.3361765,-7.359887,4.49759972,-1.4155769,0.32768114
2004-03,-3.8272828,0.03364258,7.99735655,-0.9201769,0.37886662
2004-04,7.45937979,5.48994372,3.57136523,3.0203458,0.35224366
2004-05,5.33225152,-3.6736363,-11.896137,-17.729229,0.36602996
2004-06,-1.1798505,-0.1010921,2.66019432,1.50968101,0.35783434
2004-07,0.43296221,5.86275456,5.28444349,8.95971315,0.36052408
2004-08,11.7472314,2.90000367,0.50831001,2.36861377,0.40498292
2004-09,0.98111052,9.33751175,-2.226548,7.71527698,0.3797709
2004-10,2.42520777,2.10249805,6.22305654,1.78232356,0.39662234
2004-11,4.26630581,14.0621503,-0.7603549,8.28715658,0.46817791
2004-12,3.52583303,3.33907706,3.16863629,8.11110133,0.43972046
2005-01,1.85403471,-4.173801,3.4220856,-1.750069,0.44165726
2005-02,3.80912752,3.03588142,5.93840594,3.44276475,0.39382353
2005-03,5.36829993,-1.1305098,4.56710102,-3.7277588,0.4349893
2005-04,5.27802307,2.41110388,-6.8710046,-3.4467009,0.40485454
2005-05,3.13019139,12.1251588,-3.6564496,8.41266801,0.44312295
2005-06,0.75317585,2.49986035,1.27696331,3.47254266,0.42255516
2005-07,1.95458648,1.58612168,6.69938077,5.99039769,0.42129926
2005-08,11.512684,7.58135469,1.67730102,7.23663489,0.46663914
2005-09,-9.1216914,-6.0788664,0.02427664,5.10577682,0.41577987
2005-10,-3.8006967,-4.8181992,-6.0620606,-9.3285412,0.45466472
2005-11,0.84346472,-2.2277053,2.56151088,11.5603632,0.46015744
2005-12,0.10766844,-5.711466,4.01433721,6.50597412,0.46466262
2006-01,-1.9803846,0.61711362,7.35309618,6.66062705,0.52827719
2006-02,-3.0910508,-1.2179424,-0.9526379,2.56451339,0.49300558
2006-03,-1.0400379,-5.036845,9.0010894,10.469057,0.54409466
2006-04,2.76022268,6.07213819,-1.1405905,7.71201402,0.43890103
2006-05,5.88018061,4.01252379,-1.0693994,-14.770864,0.48193305
2006-06,-12.975078,-3.7866369,5.32483539,-3.9579862,0.47945842
2006-07,-1.9923386,-0.262781,5.86854458,-1.6215139,0.5282545
2006-08,1.22534895,3.47398144,-0.4170311,8.25211642,0.52804031
2006-09,0.49823377,0.26037641,3.87272743,4.68876908,0.4993679
2006-10,1.37927455,-1.6276279,4.83625061,4.21245276,0.56320267
2006-11,0.02036488,-0.9875017,5.9975767,4.25374752,0.5299135
2006-12,2.76073276,6.82096002,3.08526703,0.83534514,0.53080059
2007-01,2.04513935,6.83670966,0.03341773,3.06386239,0.62925633
2007-02,-3.0958877,-3.4327367,2.35713786,-8.4363663,0.57048542
2007-03,-6.135617,0.51199352,1.96305775,0.35419737,0.60497678
2007-04,-0.8749176,-0.7297905,-0.6621544,6.83458166,0.62632845
2007-05,0.64747048,-2.8509279,2.24192932,4.12443894,0.62484743
2007-06,4.36692184,1.75024848,2.13252045,0.45238775,0.5702997
2007-07,-2.5150435,1.99187601,2.91740637,4.61642766,0.47322175
2007-08,-1.9941804,16.7248127,2.44935254,-1.0462907,0.53740595
2007-09,-4.7254765,7.48961467,-0.1471985,11.4689544,0.5246345
2007-10,-10.130285,-6.2730354,20.7968852,18.2490109,0.62038614
2007-11,6.54451387,9.88810023,1.44238726,-1.1196144,0.58845572
2007-12,12.5865011,10.7341532,-3.0369423,11.5588961,0.61077106
2008-01,-2.7068029,-10.745742,-4.35945,-21.674227,0.58450742
2008-02,-10.033103,7.17883478,-2.2106257,0.58803377,0.56134466
2008-03,-8.3507878,-1.196758,-5.8159899,-11.458776,0.60532816
2008-04,2.9168542,2.92987532,-3.8783348,10.4612979,0.5770334
2008-05,-4.6988727,9.79213351,-1.5132677,-5.9951042,0.5871752
2008-06,-0.8975986,4.5910812,-1.6642298,-18.844221,0.64229784
2008-07,0.35694843,-2.6834984,2.03670832,5.9382808,0.73216309
2008-08,0.59051315,-1.0282292,-2.2887072,-0.383958,0.70222988
2008-09,-5.8734732,0.27064837,5.13453102,-14.345306,0.74260941
2008-10,-6.9440411,0.5772452,17.6723535,-29.063654,0.67812733
2008-11,-9.3507575,1.21176236,12.1726198,-6.3770379,0.54608218
2008-12,0.30868524,-1.598792,-20.314191,8.64394843,0.52508455
2009-01,-7.8795657,2.61847903,11.5554524,-3.3120076,0.37659152
2009-02,-2.2323847,-0.4962583,6.46324853,-3.1031262,0.35928422
2009-03,-2.5683935,-4.1125485,-6.4161995,8.0992433,0.40790745
2009-04,4.11093632,4.57417694,-18.32733,14.6669482,0.3164296
2009-05,11.978853,5.26672025,-25.003876,33.5528291,0.26376624
2009-06,1.03671438,-5.0523317,-4.2970347,-3.6581932,0.28850832
2009-07,0.43771864,-1.5479068,0.30653772,8.96452857,0.27022877
2009-08,8.60147365,7.57732608,-8.5269217,3.35962769,0.27760016
2009-09,-1.2450157,1.56941877,0.5051525,6.51277657,0.27482047
2009-10,5.81493411,-3.2230677,8.7226363,-7.0211165,0.26008502
2009-11,-2.0087917,2.4372578,7.17469128,7.02465772,0.27326375
2009-12,3.58304072,3.52601868,-0.6818928,5.31130424,0.29383816
2010-01,4.78049225,-2.3098173,-0.2073085,-3.252147,0.28972525
2010-02,-0.9309545,-0.0137195,1.10926851,-1.5714488,0.30751618
2010-03,0.1529248,0.96006491,2.70836942,3.92568066,0.38161724
2010-04,6.25091959,3.32285407,1.52609347,0.58112499,0.33850933
2010-05,1.14828486,-5.1584145,-0.0341187,-4.5278338,0.35675083
2010-06,1.0660924,-3.2467107,-0.0851801,4.68304976,0.42233968
2010-07,1.54602047,1.29390139,4.4677627,0.68374993,0.43714859
2010-08,0.63698107,1.26387984,4.98816587,0.0001167,0.51755335
2010-09,-1.5857855,2.91559095,-1.216871,7.62945448,0.48847598
2010-10,2.74286464,5.83186427,3.00040801,-0.245726,0.50225167
2010-11,-1.2502015,-4.3382277,7.02240782,-5.6354655,0.57999937
2010-12,-2.8504539,1.34065425,-4.9689696,3.03463324,0.58514897
2011-01,-2.9282311,-3.1208025,5.01586352,-10.092881,0.58889038
2011-02,-1.437347,-1.7909889,3.03096195,-5.2471472,0.53178932
2011-03,-1.5260812,-2.042561,-0.0591176,7.02340607,0.59188117
2011-04,4.69351096,4.05303774,-2.192733,0.40905386,0.55995831
2011-05,-1.5990766,-0.4911589,5.341818,-2.9028648,0.67199227
2011-06,0.56390426,-4.2976866,5.03698679,-0.4120664,0.65034715
2011-07,5.57372674,-1.7794313,3.79848061,-2.4000049,0.62494547
2011-08,-2.8740827,-1.7763846,11.5620812,-8.2359364,0.706058
2011-09,0.63181377,-0.4996522,-1.6098356,-1.5885131,0.68713129
2011-10,-2.6231182,0.63136059,-0.5665801,4.02897245,0.69637706
2011-11,-1.8351791,-3.1255698,7.99605639,-9.6567765,0.69475958
2011-12,-3.1436547,-0.4563969,6.25420494,-5.9578033,0.67829825
2012-01,-2.5424493,14.0830589,-17.952148,10.7669013,0.72391802
2012-02,2.75214964,-3.8171672,-1.9059743,4.30492599,0.67932943
2012-03,1.08363951,-4.4441738,9.32008608,-3.1636927,0.71205443
2012-04,3.96673361,-2.8465804,2.03158913,-1.5037219,0.71028408
2012-05,-0.1545534,-3.7645482,7.08879538,-6.3201022,0.68798165
2012-06,-0.3352758,-1.192987,-6.0130434,4.85500805,0.63366259
2012-07,1.9295301,-4.1273077,4.92173621,-1.5736412,0.69531402
2012-08,3.1700821,-5.2648825,11.4212129,-0.1907405,0.67373401
2012-09,-1.7703538,8.00275573,-7.7397647,6.48057223,0.60252758
2012-10,4.01055939,-3.1174294,2.83748536,-1.5377255,0.70625621
2012-11,-4.9076483,9.24568744,-3.1543617,2.27823177,0.64662316
2012-12,-0.8206259,0.75949547,0.08009364,0.74161976,0.66926431
2013-01,-5.4635668,-3.4165982,2.51145999,1.28965103,0.65819548
2013-02,-0.6497474,-10.642053,7.86032432,-6.4323365,0.59050864
2013-03,-1.3079081,-5.6168901,4.17231748,-2.3976162,0.59774272
2013-04,-9.3523827,18.6472548,-3.6188158,2.34914699,0.68430814
2013-05,-3.2208454,-0.5847333,7.87954205,0.0094027,0.60820635
2013-06,-6.7076447,0.05479396,11.5309719,-3.8355071,0.5491742
2013-07,-7.6645963,0.86681983,11.5872195,-0.7202836,0.71663658
2013-08,0.14801893,-4.2050885,-7.8648293,-2.8403164,0.87591903
2013-09,-0.0424336,4.00925359,-7.6955757,3.94451072,0.87507451
2013-10,-0.7060286,0.38032556,-5.6757435,6.38931946,0.73819186
2013-11,5.29653301,2.02076744,-3.8161227,-0.9404574,0.67104878
2013-12,2.81015144,3.90889385,-0.4622252,3.24920457,0.73571141
2014-01,1.38372843,-7.4149657,3.92266639,-3.7670573,0.71284472
2014-02,2.74911716,-2.2376311,4.71136873,1.60010504,0.66559431
2014-03,-0.4346632,5.60051726,-9.6406659,5.2371709,0.74573923
2014-04,5.70276119,7.72735884,-3.3262993,0.03754775,0.70155325
2014-05,4.52577272,10.2544642,-8.6654472,9.83022045,0.69380479
2014-06,9.85028153,5.31038528,2.6910802,6.89319564,0.69999312
2014-07,0.70240957,-9.4346613,-1.3759677,-0.1722875,0.70063263
2014-08,3.56581993,-5.2801051,5.41767303,2.54061954,0.63758973
2014-09,5.40546405,-1.4260156,6.17725573,1.41997218,0.74721838
2014-10,-1.6339596,1.44194984,2.15190051,1.11444777,0.69340264
2014-11,1.86098117,-1.2124823,5.61444221,1.06276284,0.61485764
2014-12,4.52282079,-5.2767969,4.7978444,-3.0230416,0.7219034
2015-01,0.11838726,0.92478021,3.41798463,5.00905823,0.65821499
2015-02,-0.3054552,0.10452788,1.0098725,0.52884352,0.63451465
2015-03,0.25167895,-5.9512475,8.62077766,-2.4345683,0.67862471
2015-04,1.73748204,2.99401707,-5.5309753,-3.6323775,0.63012578
2015-05,0.59114093,-4.2501433,3.47854877,3.09475089,0.60845517
2015-06,-1.7695825,-0.9020277,3.6913145,-1.6613027,0.65292372
2015-07,9.22144937,5.54513621,9.002023,2.61475763,0.61770512
2015-08,0.47728694,-3.3052194,5.43463957,-6.1192914,0.60810091
2015-09,0.42265775,2.02045278,2.15135778,-1.0040457,0.59069613
2015-10,0.53246441,7.73678315,-6.5641765,1.77194839,0.56284124
2015-11,7.78738641,0.38595151,1.21317121,-1.5103354,0.58600826
2015-12,-1.3187069,6.26219722,-0.3444722,1.16251588,0.59134778
2016-01,-1.5567243,-5.572389,1.09587424,-6.0325282,0.55750708
2016-02,-8.8297012,-4.5019835,-3.6850964,-8.7605231,0.60340746
2016-03,-1.8791223,5.77191133,-2.724547,9.95294951,0.59742866
2016-04,2.95418782,5.51587825,-1.7739213,1.83239905,0.53229902
2016-05,1.46914161,-3.8502109,-0.2210567,0.67176709,0.5819252
2016-06,5.42143562,1.55164514,-2.7207563,3.18681918,0.54189324
2016-07,-1.968931,3.29560026,1.43291442,4.18023929,0.50932137
2016-08,-0.9176778,-1.677848,2.46343851,0.61066429,0.57600096
2016-09,1.16030755,0.08115098,1.63805197,-0.9668664,0.52178521
2016-10,5.06487243,8.13881758,3.14108499,2.53740762,0.51033025
2016-11,-8.4054391,3.54902144,0.73891965,-5.6563973,0.50788777
2016-12,-0.306712,-1.7844973,-0.8429753,-1.3466881,0.48675786
2017-01,0.09007107,8.71854411,4.31469259,4.88674103,0.53246581
2017-02,0.08594,0.59266779,-2.007568,3.77661856,0.45950185
2017-03,1.53451739,0.73873671,1.98752519,2.6944863,0.49181205
2017-04,6.59684484,0.82405797,3.60135557,1.91165114,0.44545828
2017-05,-2.5738732,-5.1438627,2.23629361,-0.2971192,0.54942918
2017-06,1.93182375,1.64884476,-1.0068252,-0.5396078,0.50176102
2017-07,-0.5202901,6.79825374,0.24679992,4.02137089,0.51314897
2017-08,-4.2678565,3.59533104,7.36133619,-0.1998955,0.50693598
2017-09,0.69680726,1.09801117,-2.7504801,-1.4642591,0.47109459
2017-10,1.35922649,6.91352647,3.96680696,8.13763549,0.51938975
2017-11,5.7069773,-3.5847977,-0.0452089,0.06268481,0.48826167
2017-12,0.64220455,5.18796714,-1.868842,4.44017413,0.47591918
2018-01,-3.3195188,-0.9385778,0.44509033,-0.5251936,0.55468046
2018-02,-1.290588,-2.5762219,1.73490518,-3.4928949,0.47502946
2018-03,-2.7013498,-6.8002566,4.63663671,-5.2425286,0.46667803
2018-04,0.77891892,-0.5755412,3.82399264,6.49878479,0.5381729
2018-05,-4.2242313,-2.0529379,2.41989551,-4.0999691,0.51989891
2018-06,-6.4678341,-5.0040322,0.69374098,-2.8892823,0.50022328
2018-07,-0.169721,-2.0060237,2.69470916,4.6858136,0.55688608
2018-08,-1.4048829,-0.1802985,4.7156591,4.32468126,0.55607948
2018-09,-10.626478,-2.7723207,5.19163924,-8.016351,0.51598238
2018-10,4.86626278,2.02342972,-0.7867049,-5.9040983,0.61472148
2018-11,-0.1611482,-3.6374801,-1.1043403,2.28025187,0.54852146
2018-12,1.23786803,1.48471503,-3.3413732,-0.3974975,0.55073089
2019-01,-4.0526588,-4.8821271,5.66858093,-2.4376209,0.54666355
2019-02,-4.9338478,-0.4417162,-2.3502929,-0.6822463,0.48209351
2019-03,1.84639361,0.92548937,-2.6427085,5.53639743,0.49101892
2019-04,-2.848304,-1.67299,2.70463219,0.4109951,0.53696718
2019-05,2.09010921,-0.9322684,2.88743642,-0.971915,0.52814636
2019-06,-5.8395325,-3.5441305,7.24199855,-2.3656831,0.45017714
2019-07,-5.1485979,-6.6402271,11.4887032,-6.7473008,0.51574711
2019-08,0.15230571,-9.6753185,6.96872127,0.06893389,0.44082765
2019-09,-0.3170102,1.85959579,-2.5461154,4.22990548,0.44337849
2019-10,-3.2858719,-2.359748,5.47190414,4.03185775,0.4303629
2019-11,-3.2600404,5.05609571,-8.8905048,-1.8626989,0.39055339
2019-12,-1.138679,-0.0694315,1.94771358,-0.2823757,0.42672589
2020-01,8.89549651,-3.0257788,0.78853458,0.90471868,0.42019085
2020-02,-0.8055754,-9.367888,10.8589929,-6.3181009,0.38184257
2020-03,-14.088355,-8.2935749,13.7662365,-18.80978,0.42506442
2020-04,1.96977676,7.12000545,-13.484765,13.8849911,0.33253972
2020-05,-4.8460104,1.02427437,0.95953069,0.48871049,0.27037465
2020-06,8.87697951,13.6140917,-5.8271184,7.72021315,0.28454142
2020-07,-2.989077,-4.2776347,4.3414782,7.10654746,0.26800043
2020-08,7.20686721,4.95276676,-8.3812357,3.13181892,0.27133854
2020-09,2.67919073,-8.4030177,9.10082352,2.23664317,0.26483947
2020-10,0.32518116,-1.450709,-0.1643465,0.41858926,0.26405837
2020-11,-3.4368115,10.0669733,-8.1988202,7.0189823,0.23462808
2020-12,1.83052873,10.2794585,-3.7509732,8.05285102,0.28213202
2021-01,0.59219513,-2.5540176,-1.7755214,-0.7843118,0.25002724
2021-02,-3.7331548,11.349906,2.76855604,6.20973969,0.24891893
2021-03,-2.6946605,-1.9274214,3.49484287,2.98892863,0.28979919
2021-04,0.68645388,10.5584423,5.79659503,1.45094218,0.27000609
2021-05,5.12171809,2.30881826,0.21200916,7.4275526,0.28083045
2021-06,7.81335894,4.38214132,-1.6724747,3.05465721,0.2778393
2021-07,5.29685522,7.12904491,3.91496614,1.73693227,0.27755769
2021-08,-8.1047481,-7.1379152,2.88233179,5.67978582,0.28981422
2021-09,-1.6146068,10.3893828,-2.4761634,4.18716892,0.26783476
2021-10,1.68542767,0.64668442,6.7480875,-1.1338168,0.26969635
2021-11,2.0953484,-1.3514898,4.69104887,-0.9544351,0.30726727
2021-12,6.04073434,1.13102841,3.49241309,3.83015925,0.29796728
2022-01,-0.6880295,10.8500674,-0.4832907,-1.5658633,0.30303333
2022-02,-6.819039,-2.3061333,-1.6279224,-4.3261588,0.28536076
2022-03,2.05045471,0.75516029,7.21749329,4.70065499,0.31509482
2022-04,2.18108872,4.31109376,-2.8991902,1.3974634,0.30598145
2022-05,-3.4991566,-2.3027347,-6.0504282,-6.5612817,0.39284838
2022-06,0.23258911,-2.9635811,1.63984333,-4.9347779,0.40344207
2022-07,2.31348847,-3.2585464,-2.9620021,8.27476309,0.40811974
2022-08,1.03199095,2.33361997,6.1786344,4.90438649,0.47723275
2022-09,3.45046862,-2.2806877,1.69657371,-3.5608497,0.47487581
2022-10,-2.5152668,3.19763502,-0.3571544,1.9150297,0.51673152
2022-11,-0.4213106,5.53020411,-1.6656373,2.33829554,0.51503079
2022-12,1.74187829,2.83714638,-0.0348718,-3.9759602,0.51103104
2023-01,0.36773966,3.81325063,-3.1893236,-4.5392,0.54440229
2023-02,-2.2814911,0.31429407,-1.8769981,-5.4679583,0.49701615
2023-03,-2.4100971,0.83047262,1.92172537,0.30646541,0.5653701
2023-04,6.18926447,2.88521921,-3.8882016,4.06999756,0.50536051
2023-05,2.10295528,-1.730771,2.22269936,3.80172797,0.60101775
2023-06,3.41759831,1.38830674,2.26511773,4.26254151,0.53907553
2023-07,2.07595735,6.81640371,6.30060023,4.43280419,0.55429106
2023-08,8.74934065,2.07539819,0.74839844,0.31016585,0.55927989
2023-09,-1.4236323,4.97716842,1.06550725,1.72671781,0.52620684
2023-10,3.38461685,-0.1006276,3.61625162,-2.8678948,0.58532031
2023-11,-1.2373164,5.1785275,4.98258147,7.31528754,0.55229908
2023-12,-4.7470809,4.02994157,-1.509953,7.9760801,0.5354465
2024-01,1.69577468,9.82189812,5.82075424,4.0190378,0.60874376
2024-02,-4.8621515,0.51359281,3.38364892,1.63696829,0.54084851
2024-03,-7.7436807,0.53488533,2.49484975,-0.7865558,0.51320931
2024-04,7.01935877,4.65533123,1.15478873,3.83105394,0.60527373
2024-05,-3.3059398,-2.7703398,2.91360994,1.2395062,0.57215045
2024-06,4.74168389,-1.4626469,0.5408418,6.60790519,0.5082885
2024-07,0.82404731,4.16798922,-2.1811529,5.10790863,0.59248493
2024-08,1.9327422,-0.9250878,-0.6288112,0.03929453,0.52950351
2024-09,-0.8332643,-0.7418534,-1.6750706,1.01898055,0.54717974
2024-10,6.98216365,-4.5582426,2.29634781,-7.7250216,0.53416553
2024-11,2.19063841,-0.9818456,2.267371,-0.7334581,0.49848155
2024-12,2.0749373,-0.9526137,2.74455338,-1.9562568,0.55099283
2025-01,-6.4586763,1.39722982,-6.3367243,-4.9773466,0.5436492
2025-02,-6.9453145,0.01055296,1.03001519,-11.256307,0.48187815
2025-03,-3.1569832,2.10000065,0.13417773,7.02163198,0.48309632
2025-04,-0.1469246,1.39286455,-2.9274508,1.70074988,0.53839584
2025-05,7.71264642,-0.5133378,-6.1047722,4.07235658,0.46566673
2025-06,0.30188153,1.95071933,1.37563365,2.96777191,0.4522996
2025-07,1.80297262,1.92982507,1.92585856,-3.1317698,0.44611922
2025-08,-1.5921566,-2.3819264,0.5408671,-1.7999926,0.42318631
2025-09,-2.8250089,3.47366487,-2.7505546,0.53058921,0.47012064
2025-10,-2.1472427,1.53480393,1.84859985,2.88805719,0.45155656
2025-11,-3.6742015,-1.7667207,4.93911565,-1.0032205,0.40571314
2025-12,-3.6218874,1.85294286,1.30139183,-0.7207202,0.46772134
