,amc_id,fund_house,ter_name,universe_scheme_name,score,approved
0,3,aditya birla sun life,Aditya Birla Sun Life Banking and Financial Services Fund,Aditya Birla Sun Life Banking and Financial Services Fund - Direct Plan - Growth,100.0,APPROVE
1,3,aditya birla sun life,Aditya Birla Sun Life Digital India Fund,Aditya Birla Sun Life Digital India Fund - Growth - Direct Plan,100.0,APPROVE
2,3,aditya birla sun life,Aditya Birla Sun Life Dividend Yield Fund,Aditya Birla Sun Life Dividend Yield Fund - Growth - Direct Plan,100.0,APPROVE
3,3,aditya birla sun life,Aditya Birla Sun Life Infrastructure Fund,Aditya Birla Sun Life Infrastructure Fund - Growth - Direct Plan,100.0,APPROVE
4,3,aditya birla sun life,Aditya Birla Sun Life MIDCAP Fund,Aditya Birla Sun Life Midcap Fund - Growth - Direct Plan,100.0,APPROVE
5,3,aditya birla sun life,Aditya Birla Sun Life MNC Fund,Aditya Birla Sun Life MNC Fund - Growth - Direct Plan,100.0,APPROVE
6,3,aditya birla sun life,Aditya Birla Sun Life Manufacturing Equity Fund,Aditya Birla Sun Life Manufacturing Equity Fund - Direct Plan - Growth,100.0,APPROVE
7,3,aditya birla sun life,Aditya Birla Sun Life Small Cap Fund,Aditya Birla Sun Life Small Cap Fund - Growth - Direct Plan,100.0,APPROVE
8,3,aditya birla sun life,Aditya Birla Sun Life Tax Plan,Aditya Birla Sun Life Tax Plan - Direct Plan - Growth Option,100.0,APPROVE
9,3,aditya birla sun life,Aditya Birla Sun Life PSU Equity Fund,Aditya Birla Sun Life PSU Equity Fund-Direct Plan-Growth,100.0,APPROVE
10,3,aditya birla sun life,Aditya Birla Sun Life Pharma and Healthcare Fund,Aditya Birla Sun Life Pharma and Healthcare Fund-Direct-Growth,100.0,APPROVE
11,3,aditya birla sun life,Aditya Birla Sun Life Special Opportunities Fund,Aditya Birla Sun Life Special Opportunities Fund-Direct-Growth,100.0,APPROVE
12,3,aditya birla sun life,Aditya Birla Sun Life Business Cycle Fund,Aditya Birla Sun Life Business Cycle Fund-Direct Growth,100.0,APPROVE
13,3,aditya birla sun life,Aditya Birla Sun Life Flexi Cap Fund,Aditya Birla Sun Life Flexi Cap Fund - Growth - Direct Plan,100.0,APPROVE
14,3,aditya birla sun life,Aditya Birla Sun Life Multi-Cap Fund,Aditya Birla Sun Life Multi-Cap Fund-Direct Growth,100.0,APPROVE
15,3,aditya birla sun life,Aditya Birla Sun Life ELSS Tax Saver Fund,Aditya Birla Sun Life ELSS Tax Saver Fund - Growth - Direct Plan,100.0,APPROVE
16,3,aditya birla sun life,Aditya Birla Sun Life ESG Integration Strategy Fund,Aditya Birla Sun Life ESG Integration Strategy Fund-Direct Plan-Growth,100.0,APPROVE
17,3,aditya birla sun life,Aditya Birla Sun Life International Equity Fund,Aditya Birla Sun Life International Equity Fund - Growth - Direct Plan,100.0,APPROVE
18,3,aditya birla sun life,Aditya Birla Sun Life Transportation and Logistics Fund,Aditya Birla Sun Life Transportation and Logistics Fund-Direct Growth,100.0,APPROVE
19,3,aditya birla sun life,Aditya Birla Sun Life Conglomerate Fund,Aditya Birla Sun Life Conglomerate Fund-Direct Growth,100.0,APPROVE
20,3,aditya birla sun life,Aditya Birla Sun Life Focused Fund,Aditya Birla Sun Life Focused Fund - Growth - Direct Plan,100.0,APPROVE
21,3,aditya birla sun life,Aditya Birla Sun Life Quant Fund,Aditya Birla Sun Life Quant Fund - Direct Growth,100.0,APPROVE
22,3,aditya birla sun life,Aditya Birla Sun Life Consumption Fund,Aditya Birla Sun Life Consumption Fund - Growth - Direct Plan,100.0,APPROVE
23,3,aditya birla sun life,Aditya Birla Sun Life Large & Mid Cap Fund,Aditya Birla Sun Life Large & Mid Cap Fund - Growth - Direct Plan,100.0,APPROVE
24,3,aditya birla sun life,Aditya Birla Sun Life Large Cap Fund,Aditya Birla Sun Life Large Cap Fund - Growth - Direct Plan,100.0,APPROVE
25,3,aditya birla sun life,Aditya Birla Sun Life Value Fund,Aditya Birla Sun Life Value Fund - Growth - Direct Plan,100.0,APPROVE
26,3,aditya birla sun life,ADITYA BIRLA SUN LIFE TRANSPORTATION AND LOGISTICS FUND,Aditya Birla Sun Life Transportation and Logistics Fund-Direct Growth,100.0,APPROVE
27,3,aditya birla sun life,Aditya Birla Sun Life Equity Fund,Aditya Birla Sun Life PSU Equity Fund-Direct Plan-Growth,94.28571428571428,APPROVE
28,3,aditya birla sun life,Aditya Birla Sun Life International Equity Fund Plan A,Aditya Birla Sun Life International Equity Fund - Growth - Direct Plan,93.06930693069306,APPROVE
29,3,aditya birla sun life,Aditya Birla Sun Life International Equity Fund Plan B,Aditya Birla Sun Life International Equity Fund - Growth - Direct Plan,93.06930693069306,APPROVE
30,3,aditya birla sun life,Aditya Birla Sun Life Pure Value Fund,Aditya Birla Sun Life Value Fund - Growth - Direct Plan,92.7536231884058,APPROVE
31,3,aditya birla sun life,Aditya Birla Sun Life Focused Equity Fund,Aditya Birla Sun Life Focused Fund - Growth - Direct Plan,90.66666666666666,APPROVE
32,3,aditya birla sun life,Aditya Birla Sun Life ESG Fund,Aditya Birla Sun Life Focused Fund - Growth - Direct Plan,87.5,REVIEW
33,3,aditya birla sun life,Aditya Birla Sun Life Equity Advantage Fund,Aditya Birla Sun Life PSU Equity Fund-Direct Plan-Growth,82.5,REVIEW
34,3,aditya birla sun life,Aditya Birla Sun Life Frontline Equity Fund,Aditya Birla Sun Life PSU Equity Fund-Direct Plan-Growth,82.5,REVIEW
35,3,aditya birla sun life,Aditya Birla Sun Life Tax Relief '96,Aditya Birla Sun Life Tax Plan - Direct Plan - Growth Option,81.81818181818181,REVIEW
36,3,aditya birla sun life,Aditya Birla Sun Life India Gennext Fund,Aditya Birla Sun Life Digital India Fund - Growth - Direct Plan,80.0,REVIEW
37,3,aditya birla sun life,Aditya Birla Sun Life ELSS Tax Relief '96,Aditya Birla Sun Life ELSS Tax Saver Fund - Growth - Direct Plan,78.04878048780488,REVIEW
38,4,baroda,BARODA BNP PARIBAS LARGE CAP FUND,BARODA BNP PARIBAS LARGE CAP Fund - Direct Plan - Growth Option,100.0,APPROVE
39,4,baroda,Baroda BNP Paribas Business Cycle Fund,Baroda BNP Paribas Business Cycle Fund - Direct Plan - Growth,100.0,APPROVE
40,4,baroda,Baroda BNP Paribas Flexi Cap Fund,Baroda BNP Paribas Flexi Cap Fund - Direct Plan - Growth Option,100.0,APPROVE
41,4,baroda,Baroda BNP Paribas Focused Fund,BARODA BNP PARIBAS Focused Fund - Direct Plan - Growth Option,100.0,APPROVE
42,4,baroda,Baroda BNP Paribas India Consumption Fund,BARODA BNP PARIBAS India Consumption Fund - Direct Plan - Growth Option,100.0,APPROVE
43,4,baroda,Baroda BNP Paribas Mid Cap Fund,BARODA BNP PARIBAS Mid Cap Fund - Direct Plan - Growth Option,100.0,APPROVE
44,4,baroda,Baroda BNP Paribas Multi Cap Fund,Baroda BNP Paribas MULTI CAP FUND - Direct Plan - Growth Option,100.0,APPROVE
45,4,baroda,Baroda BNP Paribas ELSS Tax Saver Fund,BARODA BNP PARIBAS ELSS Tax Saver Fund - Direct Plan - Growth Option,100.0,APPROVE
46,4,baroda,Baroda BNP Paribas Dividend Yield Fund,Baroda BNP Paribas Dividend Yield Fund - Direct Plan - Growth Option,100.0,APPROVE
47,4,baroda,Baroda BNP Paribas Large Cap Fund,BARODA BNP PARIBAS LARGE CAP Fund - Direct Plan - Growth Option,100.0,APPROVE
48,4,baroda,Baroda BNP Paribas Manufacturing Fund,Baroda BNP Paribas Manufacturing Fund - Direct Plan - Growth Option,100.0,APPROVE
49,4,baroda,Baroda BNP Paribas Energy Opportunities Fund,Baroda BNP Paribas Energy Opportunities Fund - Direct Plan - Growth Option,100.0,APPROVE
50,4,baroda,Baroda BNP Paribas Banking and Financial Services Fund,Baroda BNP Paribas Banking and Financial Services Fund - Direct - Growth Option,93.91304347826087,APPROVE
51,4,baroda,Baroda BNP Paribas Small Cap Fund,Baroda BNP Paribas Small Cap Fund - Direct Plan - Growth option,90.41095890410959,APPROVE
52,4,baroda,Baroda BNP Paribas ESG Best-in-Class Strategy Fund,Baroda BNP Paribas Best-in-Class Strategy Fund - Direct - Growth Option,89.32038834951457,REVIEW
53,4,baroda,Baroda BNP Paribas Value Fund,Baroda BNP Paribas Value Fund - Direct Plan - Growth option,89.23076923076923,REVIEW
54,4,baroda,Baroda BNP Paribas Large and Mid Cap fund,BARODA BNP PARIBAS LARGE CAP Fund - Direct Plan - Growth Option,89.1891891891892,REVIEW
55,4,baroda,Baroda BNP Paribas Health and Wellness Fund,Baroda BNP Paribas Health and Wellness Fund Direct Growth,86.0,REVIEW
56,4,baroda,Baroda BNP Paribas Business Conglomerates Fund,Baroda BNP Paribas Business Cycle Fund - Direct Plan - Growth,85.71428571428572,REVIEW
57,4,baroda,Baroda BNP Paribas ELSS Fund,BARODA BNP PARIBAS ELSS Tax Saver Fund - Direct Plan - Growth Option,84.84848484848484,REVIEW
58,4,baroda,Baroda BNP Paribas Innovation Fund,Baroda BNP Paribas Value Fund - Direct Plan - Growth option,82.85714285714285,REVIEW
59,4,baroda,Baroda Mid-cap Fund,Baroda Mid-cap Fund- Plan B (Direct) - Growth Option,82.6086956521739,REVIEW
60,4,baroda,Baroda Large cap Fund,Baroda Large cap Fund - Plan B (Direct) - Growth Option,82.35294117647058,REVIEW
61,4,baroda,Baroda Banking and Financial Services Fund,Baroda BNP Paribas Banking and Financial Services Fund - Direct - Growth Option,81.55339805825243,REVIEW
62,4,baroda,Baroda Business Cycle Fund,Baroda BNP Paribas Business Cycle Fund - Direct Plan - Growth,81.25,REVIEW
63,4,baroda,BARODA ELSS 96,Baroda ELSS 96 Plan B(Direct) -Growth Option,80.0,REVIEW
64,4,baroda,Baroda Large and Mid cap Fund,Baroda Large cap Fund - Plan B (Direct) - Growth Option,77.96610169491525,REVIEW
65,4,baroda,BARODA MULTI CAP FUND,Baroda BNP Paribas MULTI CAP FUND - Direct Plan - Growth Option,77.77777777777779,REVIEW
66,6,dsp,DSP  India T.I.G.E.R. Fund,DSP India T.I.G.E.R. Fund - Direct Plan - Growth,100.0,APPROVE
67,6,dsp,DSP  Natural Resources And New Energy Fund,DSP Natural Resources and New Energy Fund - Direct Plan - Growth,100.0,APPROVE
68,6,dsp,DSP  Small Cap Fund,DSP Small Cap Fund - Direct Plan - Growth,100.0,APPROVE
69,6,dsp,DSP Healthcare Fund,DSP Healthcare Fund - Direct Plan - Growth,100.0,APPROVE
70,6,dsp,DSP India T.I.G.E.R. Fund,DSP India T.I.G.E.R. Fund - Direct Plan - Growth,100.0,APPROVE
71,6,dsp,DSP Natural Resources And New Energy Fund,DSP Natural Resources and New Energy Fund - Direct Plan - Growth,100.0,APPROVE
72,6,dsp,DSP QUANT FUND,DSP Quant Fund - Direct Plan - Growth,100.0,APPROVE
73,6,dsp,DSP Small Cap Fund,DSP Small Cap Fund - Direct Plan - Growth,100.0,APPROVE
74,6,dsp,DSP Flexi Cap Fund,DSP Flexi Cap Fund - Direct Plan - Growth,100.0,APPROVE
75,6,dsp,DSP Value Fund,DSP Value Fund - Direct Plan - Growth,100.0,APPROVE
76,6,dsp,DSP Midcap Fund,DSP Midcap Fund - Direct Plan - Growth,100.0,APPROVE
77,6,dsp,DSP Banking & Financial Services Fund,DSP Banking & Financial Services Fund - Direct - Growth,100.0,APPROVE
78,6,dsp,DSP ELSS Tax Saver Fund,DSP ELSS Tax Saver Fund - Direct Plan - Growth,100.0,APPROVE
79,6,dsp,DSP Multicap Fund,DSP Multicap Fund - Direct - Growth,100.0,APPROVE
80,6,dsp,DSP Business Cycle Fund,DSP Business Cycle Fund - Direct - Growth,100.0,APPROVE
81,6,dsp,DSP Focused Fund,DSP Focused Fund - Direct Plan - Growth,100.0,APPROVE
82,6,dsp,DSP Large & Mid Cap Fund,DSP Large & Mid Cap Fund - Direct Plan - Growth,100.0,APPROVE
83,6,dsp,DSP Large Cap Fund,DSP Large Cap Fund - Direct Plan - Growth,100.0,APPROVE
84,6,dsp,DSP  Focus Fund,DSP Focused Fund - Direct Plan - Growth,93.33333333333333,APPROVE
85,6,dsp,DSP Focus Fund,DSP Focused Fund - Direct Plan - Growth,93.33333333333333,APPROVE
86,6,dsp,DSP  Tax Saver Fund,DSP ELSS Tax Saver Fund - Direct Plan - Growth,87.8048780487805,REVIEW
87,6,dsp,DSP Tax Saver Fund,DSP ELSS Tax Saver Fund - Direct Plan - Growth,87.8048780487805,REVIEW
88,9,hdfc,HDFC Infrastructure Fund,HDFC Infrastructure Fund - Growth Option - Direct Plan,100.0,APPROVE
89,9,hdfc,HDFC Small Cap Fund,HDFC Small Cap Fund - Growth Option - Direct Plan,100.0,APPROVE
90,9,hdfc,HDFC Long Term Advantage Plan,HDFC Long Term Advantage Plan - Growth Option - Direct Plan,100.0,APPROVE
91,9,hdfc,HDFC Flexi Cap Fund,HDFC Flexi Cap Fund - Growth Option - Direct Plan,100.0,APPROVE
92,9,hdfc,HDFC Housing Opportunities Fund,HDFC Housing Opportunities Fund  - Growth Option - Direct Plan,100.0,APPROVE
93,9,hdfc,HDFC Banking & Financial Services Fund,HDFC Banking & Financial Services Fund - Growth Option - Direct Plan,100.0,APPROVE
94,9,hdfc,HDFC Large and Mid Cap Fund,HDFC Large and Mid Cap Fund - Growth Option - Direct Plan,100.0,APPROVE
95,9,hdfc,HDFC Multi Cap Fund,HDFC Multi Cap Fund - Growth Option - Direct Plan,100.0,APPROVE
96,9,hdfc,HDFC Business Cycle Fund,HDFC Business Cycle Fund - Growth Option - Direct Plan,100.0,APPROVE
97,9,hdfc,HDFC Defence Fund,HDFC Defence Fund - Growth Option - Direct Plan,100.0,APPROVE
98,9,hdfc,HDFC ELSS Tax saver,HDFC ELSS Tax saver - Growth Option - Direct Plan,100.0,APPROVE
99,9,hdfc,HDFC MNC Fund,HDFC MNC Fund - Growth Option - Direct Plan,100.0,APPROVE
100,9,hdfc,HDFC Pharma and Healthcare Fund,HDFC Pharma and Healthcare Fund - Growth Option - Direct Plan,100.0,APPROVE
101,9,hdfc,HDFC Technology Fund,HDFC Technology Fund - Growth Option - Direct Plan,100.0,APPROVE
102,9,hdfc,HDFC Transportation and Logistics Fund,HDFC Transportation and Logistics Fund - Growth Option - Direct Plan,100.0,APPROVE
103,9,hdfc,HDFC Large Cap Fund,HDFC Large Cap Fund - Growth Option - Direct Plan,100.0,APPROVE
104,9,hdfc,HDFC Manufacturing Fund,HDFC Manufacturing fund - Growth Option - Direct Plan,100.0,APPROVE
105,9,hdfc,HDFC Focused Fund,HDFC Focused Fund - Growth Option - Direct Plan,100.0,APPROVE
106,9,hdfc,HDFC Mid Cap Fund,HDFC Mid Cap Fund - Growth Option - Direct Plan,100.0,APPROVE
107,9,hdfc,HDFC Value Fund,HDFC Value Fund - Growth Option - Direct Plan,100.0,APPROVE
108,9,hdfc,HDFC Consumption Fund,HDFC Consumption Fund - Growth Option - Direct Plan,100.0,APPROVE
109,9,hdfc,HDFC Banking and Financial Services Fund,HDFC Banking & Financial Services Fund - Growth Option - Direct Plan,94.87179487179486,APPROVE
110,9,hdfc,HDFC Focused 30 Fund,HDFC Focused Fund - Growth Option - Direct Plan,91.89189189189189,APPROVE
111,9,hdfc,HDFC  Long Term Advantage Fund (formerly HDFC Tax Plan 2000),HDFC Long Term Advantage Plan - Growth Option - Direct Plan,82.75862068965517,REVIEW
112,9,hdfc,HDFC MID-CAP OPPORTUNITIES FUND,HDFC Housing Opportunities Fund  - Growth Option - Direct Plan,80.64516129032258,REVIEW
113,9,hdfc,HDFC Mid-Cap Opportunities Fund,HDFC Housing Opportunities Fund  - Growth Option - Direct Plan,80.64516129032258,REVIEW
114,9,hdfc,HDFC Mid-Cap Opportunites Fund,HDFC Housing Opportunities Fund  - Growth Option - Direct Plan,78.68852459016394,REVIEW
115,9,hdfc,HDFC Growth Opportunities Fund,HDFC Housing Opportunities Fund  - Growth Option - Direct Plan,75.40983606557377,REVIEW
116,13,quant,QUANT CONSUMPTION FUND,quant Consumption Fund - Growth Option - Direct Plan,100.0,APPROVE
117,13,quant,QUANT MID CAP FUND,quant Mid Cap Fund - Growth Option - Direct Plan,100.0,APPROVE
118,13,quant,QUANT SMALL CAP FUND,quant Small Cap Fund - Growth Option - Direct Plan,100.0,APPROVE
119,13,quant,QUANT QUANTAMENTAL FUND,quant Quantamental Fund - Growth Option - Direct Plan,100.0,APPROVE
120,13,quant,QUANT LARGE CAP FUND,quant Large Cap Fund - Growth Option - Direct Plan,100.0,APPROVE
121,13,quant,QUANT BUSINESS CYCLE FUND,quant Business Cycle Fund - Growth Option - Direct Plan,100.0,APPROVE
122,13,quant,Quant BFSI Fund,quant BFSI Fund - Growth Option - Direct Plan,100.0,APPROVE
123,13,quant,Quant Commodities Fund,quant Commodities Fund - Growth Option - Direct Plan,100.0,APPROVE
124,13,quant,Quant Consumption Fund,quant Consumption Fund - Growth Option - Direct Plan,100.0,APPROVE
125,13,quant,Quant ELSS Tax Saver Fund,quant ELSS Tax Saver Fund - Growth Option - Direct Plan,100.0,APPROVE
126,13,quant,Quant Healthcare Fund,quant Healthcare Fund - Growth Option - Direct Plan,100.0,APPROVE
127,13,quant,Quant Manufacturing Fund,quant Manufacturing Fund - Growth Option - Direct Plan,100.0,APPROVE
128,13,quant,Quant Momentum Fund,quant Momentum Fund - Growth Option - Direct Plan,100.0,APPROVE
129,13,quant,quant Teck Fund,quant Teck Fund - Growth Option - Direct Plan,100.0,APPROVE
130,13,quant,Quant PSU Fund,quant PSU Fund - Growth Option - Direct Plan,100.0,APPROVE
131,13,quant,Quant Teck Fund,quant Teck Fund - Growth Option - Direct Plan,100.0,APPROVE
132,13,quant,Quant ESG Integration Strategy Fund,quant ESG Integration Strategy Fund - Growth Option - Direct Plan,100.0,APPROVE
133,13,quant,Quant Mid Cap Fund,quant Mid Cap Fund - Growth Option - Direct Plan,100.0,APPROVE
134,13,quant,Quant Small Cap Fund,quant Small Cap Fund - Growth Option - Direct Plan,100.0,APPROVE
135,13,quant,quant BFSI Fund,quant BFSI Fund - Growth Option - Direct Plan,100.0,APPROVE
136,13,quant,quant Business Cycle Fund,quant Business Cycle Fund - Growth Option - Direct Plan,100.0,APPROVE
137,13,quant,quant Commodities Fund,quant Commodities Fund - Growth Option - Direct Plan,100.0,APPROVE
138,13,quant,quant Consumption Fund,quant Consumption Fund - Growth Option - Direct Plan,100.0,APPROVE
139,13,quant,quant ESG Integration Strategy Fund,quant ESG Integration Strategy Fund - Growth Option - Direct Plan,100.0,APPROVE
140,13,quant,quant Healthcare Fund,quant Healthcare Fund - Growth Option - Direct Plan,100.0,APPROVE
141,13,quant,quant Large Cap Fund,quant Large Cap Fund - Growth Option - Direct Plan,100.0,APPROVE
142,13,quant,quant Manufacturing Fund,quant Manufacturing Fund - Growth Option - Direct Plan,100.0,APPROVE
143,13,quant,quant Momentum Fund,quant Momentum Fund - Growth Option - Direct Plan,100.0,APPROVE
144,13,quant,quant PSU Fund,quant PSU Fund - Growth Option - Direct Plan,100.0,APPROVE
145,13,quant,quant Quantamental Fund,quant Quantamental Fund - Growth Option - Direct Plan,100.0,APPROVE
146,13,quant,Quant Multi Cap Fund,quant Mid Cap Fund - Growth Option - Direct Plan,89.47368421052632,REVIEW
147,13,quant,QUANT LARGE & MID CAP FUND,quant Large Cap Fund - Growth Option - Direct Plan,86.95652173913044,REVIEW
148,13,quant,Quant Large & Mid Cap Fund,quant Large Cap Fund - Growth Option - Direct Plan,86.95652173913044,REVIEW
149,13,quant,QUANT FOCUSED FUND,quant BFSI Fund - Growth Option - Direct Plan,78.78787878787878,REVIEW
150,13,quant,Quant Focused Fund,quant BFSI Fund - Growth Option - Direct Plan,78.78787878787878,REVIEW
151,13,quant,QUANT VALUE FUND,quant Teck Fund - Growth Option - Direct Plan,77.41935483870968,REVIEW
152,13,quant,Quant Value Fund,quant Teck Fund - Growth Option - Direct Plan,77.41935483870968,REVIEW
153,13,quant,QUANT ACTIVE FUND,quant Commodities Fund - Growth Option - Direct Plan,76.92307692307692,REVIEW
154,13,quant,Quant Active Fund,quant Commodities Fund - Growth Option - Direct Plan,76.92307692307692,REVIEW
155,13,quant,QUANT FLEXI CAP FUND,quant BFSI Fund - Growth Option - Direct Plan,74.28571428571429,REVIEW
156,13,quant,Quant Flexi Cap Fund,quant BFSI Fund - Growth Option - Direct Plan,74.28571428571429,REVIEW
157,13,quant,QUANT INFRASTRUCTURE FUND,quant Manufacturing Fund - Growth Option - Direct Plan,73.46938775510203,REVIEW
158,13,quant,Quant Infrastructure Fund,quant Manufacturing Fund - Growth Option - Direct Plan,73.46938775510203,REVIEW
159,16,jm,JM Value Fund,JM Value Fund (Direct) - Growth Option,100.0,APPROVE
160,16,jm,JM Flexicap Fund,JM Flexicap Fund (Direct) - Growth Option,100.0,APPROVE
161,16,jm,JM Focused Fund,JM Focused Fund (Direct)  - Growth Option,100.0,APPROVE
162,16,jm,JM Midcap Fund,JM Midcap Fund (Direct) - Growth,100.0,APPROVE
163,16,jm,JM ELSS Tax Saver Fund,JM ELSS Tax Saver Fund (Direct) - Growth Option,100.0,APPROVE
164,16,jm,JM Large Cap Fund,JM Large Cap Fund (Direct) - Growth Option,100.0,APPROVE
165,16,jm,JM Small Cap Fund,JM Small Cap Fund (Direct) - Growth Option,100.0,APPROVE
166,16,jm,JM Large & Mid Cap Fund,JM Large & Mid Cap Fund (Direct) - Growth Option,100.0,APPROVE
167,16,jm,JM Multicap Fund,JM Midcap Fund (Direct) - Growth,86.66666666666667,REVIEW
168,17,kotak,Kotak Multicap Fund,Kotak Multicap Fund-Direct Plan-Growth,100.0,APPROVE
169,17,kotak,Kotak Manufacture In India Fund,Kotak Manufacture in India Fund - Direct Plan Growth,100.0,APPROVE
170,17,kotak,Kotak ESG Exclusionary Strategy Fund,Kotak ESG Exclusionary Strategy Fund - Direct Plan - Growth Option,100.0,APPROVE
171,17,kotak,Kotak Healthcare Fund,Kotak Healthcare Fund - Direct Plan - Growth Option,100.0,APPROVE
172,17,kotak,Kotak Quant Fund,Kotak Quant Fund - Direct Plan - Growth Option,100.0,APPROVE
173,17,kotak,Kotak MNC Fund,Kotak MNC Fund-Direct Plan-Growth,100.0,APPROVE
174,17,kotak,Kotak Special Opportunities Fund,Kotak Special Opportunities Fund - Direct Plan - Growth Option,100.0,APPROVE
175,17,kotak,Kotak Technology Fund,Kotak Technology Fund - Direct Plan - Growth Option,100.0,APPROVE
176,17,kotak,Kotak Transportation & Logistics Fund,Kotak Transportation & Logistics Fund-Direct Growth,100.0,APPROVE
177,17,kotak,Kotak Contra Fund,Kotak Contra Fund - Direct Plan - Growth,100.0,APPROVE
178,17,kotak,Kotak Dividend Yield Fund,Kotak Dividend Yield Fund - Direct - Growth,100.0,APPROVE
179,17,kotak,Kotak Energy Opportunities Fund,Kotak Energy Opportunities Fund-Direct-Growth,100.0,APPROVE
180,17,kotak,Kotak Midcap Fund,Kotak Midcap Fund - Direct Plan - Growth,100.0,APPROVE
181,17,kotak,Kotak Rural Opportunities Fund,Kotak Rural Opportunities Fund - Direct Plan - Growth,100.0,APPROVE
182,17,kotak,Kotak Banking & Financial Services Fund,Kotak Banking & Financial Services Fund - Direct Plan - Growth,100.0,APPROVE
183,17,kotak,Kotak Services Fund,Kotak Services Fund - Direct - Growth,100.0,APPROVE
184,17,kotak,Kotak Banking and Financial Services Fund,Kotak Banking & Financial Services Fund - Direct Plan - Growth,95.0,APPROVE
185,17,kotak,Kotak Transportation and Logistics Fund,Kotak Transportation & Logistics Fund-Direct Growth,94.73684210526316,APPROVE
186,17,kotak,Kotak ESG Opportunities Fund,Kotak Energy Opportunities Fund-Direct-Growth,91.52542372881356,APPROVE
187,17,kotak,Kotak Business Cycle Fund,Kotak Business Cycle - Direct Plan - Growth,88.88888888888889,REVIEW
188,17,kotak,Kotak Active Momentum Fund,Kotak Active Momentum Fund - Direct Plan - Growth option,88.13559322033898,REVIEW
189,17,kotak,Kotak Equity Opportunities Fund,Kotak Energy Opportunities Fund-Direct-Growth,87.09677419354838,REVIEW
190,17,kotak,Kotak Large & Midcap Fund,Kotak Midcap Fund - Direct Plan - Growth,80.95238095238095,REVIEW
191,17,kotak,Kotak Standard Multicap Fund,Kotak Multicap Fund-Direct Plan-Growth,80.85106382978724,REVIEW
192,17,kotak,Kotak India EQ Contra Fund,Kotak Contra Fund - Direct Plan - Growth,79.06976744186046,REVIEW
193,17,kotak,Kotak Consumption Fund,Kotak Contra Fund - Direct Plan - Growth,76.92307692307692,REVIEW
194,17,kotak,Kotak ELSS Tax Saver Fund,Kotak ELSS Tax Saver Fund-Growth - Direct,75.75757575757575,REVIEW
195,17,kotak,Kotak Pioneer Fund,Kotak MNC Fund-Direct Plan-Growth,75.0,REVIEW
196,17,kotak,Kotak Infrastructure and Economic Reform Fund,Kotak Infrastructure & Economic Reform Fund- Direct Plan- Growth Option,74.13793103448276,REVIEW
197,17,kotak,Kotak Tax Saver Fund,Kotak Quant Fund - Direct Plan - Growth Option,72.22222222222221,REVIEW
198,17,kotak,Kotak Flexicap Fund,Kotak Contra Fund - Direct Plan - Growth,72.22222222222221,REVIEW
199,17,kotak,Kotak Small Cap Fund,Kotak MNC Fund-Direct Plan-Growth,70.58823529411764,REVIEW
200,17,kotak,Kotak Large Cap Fund,Kotak Contra Fund - Direct Plan - Growth,70.27027027027026,REVIEW
201,18,lic,LIC MF Banking and Financial Services Fund,LIC MF Banking and Financial Services Fund-Direct Plan-Growth,100.0,APPROVE
202,18,lic,LIC MF Infrastructure Fund,LIC MF Infrastructure Fund-Direct Plan-Growth,100.0,APPROVE
203,18,lic,LIC MF Large & Mid Cap Fund,LIC MF Large & Mid Cap Fund-Direct Plan-Growth,100.0,APPROVE
204,18,lic,LIC MF Large Cap Fund,LIC MF Large Cap Fund-Direct Plan-Growth,100.0,APPROVE
205,18,lic,LIC MF FLEXI CAP FUND,LIC MF Flexi Cap Fund-Direct Plan-Growth,100.0,APPROVE
206,18,lic,LIC MF Multi Cap Fund,LIC MF Multi Cap Fund-Direct Plan-Growth,100.0,APPROVE
207,18,lic,LIC MF Dividend Yield Fund,LIC MF Dividend Yield Fund-Direct Plan-Growth,100.0,APPROVE
208,18,lic,LIC MF ELSS Tax Saver,LIC MF ELSS Tax Saver-Direct Plan-Growth,100.0,APPROVE
209,18,lic,LIC MF Healthcare Fund,LIC MF Healthcare Fund-Direct Plan-Growth,100.0,APPROVE
210,18,lic,LIC MF Mid Cap Fund,LIC MF Mid Cap Fund-Direct Plan-Growth,100.0,APPROVE
211,18,lic,LIC MF Small Cap Fund,LIC MF Small Cap Fund-Direct Plan-Growth,100.0,APPROVE
212,18,lic,LIC MF Focused Fund,LIC MF Focused Fund-Direct Plan-Growth,100.0,APPROVE
213,18,lic,LIC MF Manufacturing Fund,LIC MF Manufacturing Fund-Direct Plan-Growth,100.0,APPROVE
214,18,lic,LIC MF Value Fund,LIC MF Value Fund-Direct Plan-Growth,100.0,APPROVE
215,18,lic,LIC MF Consumption Fund,LIC MF Consumption Fund-Direct Plan-Growth,100.0,APPROVE
216,18,lic,LIC MF Technology Fund,LIC MF Technology Fund-Direct Plan-Growth,100.0,APPROVE
217,18,lic,LIC MF Multicap Fund,LIC MF Multi Cap Fund-Direct Plan-Growth,82.92682926829268,REVIEW
218,18,lic,LIC MF Focused 30 Equity Fund,LIC MF Focused Fund-Direct Plan-Growth,79.16666666666666,REVIEW
219,18,lic,LIC MF Long Term Value Fund,LIC MF Value Fund-Direct Plan-Growth,77.27272727272727,REVIEW
220,20,icici prudential,ICICI Prudential Exports & Services Fund,ICICI Prudential Exports & Services Fund - Direct Plan - Growth,100.0,APPROVE
221,20,icici prudential,ICICI Prudential Focused Equity Fund,ICICI Prudential Focused Equity Fund - Direct Plan - Growth,100.0,APPROVE
222,20,icici prudential,ICICI Prudential Large & Mid Cap Fund,ICICI Prudential Large & Mid Cap Fund - Direct Plan - Growth,100.0,APPROVE
223,20,icici prudential,ICICI Prudential Smallcap Fund,ICICI Prudential Smallcap Fund - Direct Plan - Growth,100.0,APPROVE
224,20,icici prudential,ICICI PRUDENTIAL MNC FUND,ICICI Prudential MNC Fund - Direct Plan - Growth Option,100.0,APPROVE
225,20,icici prudential,ICICI Prudential Bharat Consumption Fund,ICICI Prudential Bharat Consumption Fund - Direct Plan - Growth Option,100.0,APPROVE
226,20,icici prudential,ICICI Prudential Commodities Fund,ICICI Prudential Commodities Fund - Direct Plan - Growth Option,100.0,APPROVE
227,20,icici prudential,ICICI Prudential Business Cycle Fund,ICICI Prudential Business Cycle Fund Direct Plan Growth,100.0,APPROVE
228,20,icici prudential,ICICI Prudential Quant Fund,ICICI Prudential Quant Fund Direct Plan Growth,100.0,APPROVE
229,20,icici prudential,ICICI Prudential Flexicap Fund,ICICI Prudential Flexicap Fund - Direct Plan - Growth,100.0,APPROVE
230,20,icici prudential,ICICI PRUDENTIAL HOUSING OPPORTUNITIES FUND,ICICI PRUDENTIAL HOUSING OPPORTUNITIES FUND - Direct Plan Growth,100.0,APPROVE
231,20,icici prudential,ICICI Prudential PSU Equity Fund,ICICI Prudential PSU Equity Fund - Direct Plan - Growth,100.0,APPROVE
232,20,icici prudential,ICICI Prudential Transportation and Logistics Fund,ICICI PRUDENTIAL TRANSPORTATION AND LOGISTICS FUND - Direct Plan - Growth,100.0,APPROVE
233,20,icici prudential,ICICI Prudential ELSS Tax Saver Fund,ICICI Prudential ELSS Tax Saver Fund - Direct Plan - Growth,100.0,APPROVE
234,20,icici prudential,ICICI Prudential ESG Exclusionary Strategy Fund,ICICI Prudential ESG Exclusionary Strategy Fund - Direct Plan - Growth,100.0,APPROVE
235,20,icici prudential,ICICI Prudential Innovation Fund,ICICI Prudential Innovation Fund - Direct Plan - Growth,100.0,APPROVE
236,20,icici prudential,ICICI PRUDENTIAL ENERGY OPPORTUNITIES FUND,ICICI PRUDENTIAL ENERGY OPPORTUNITIES FUND - Direct Plan - Growth,100.0,APPROVE
237,20,icici prudential,ICICI Prudential Equity Minimum Variance Fund,ICICI Prudential Equity Minimum Variance Fund - Direct Plan - Growth,100.0,APPROVE
238,20,icici prudential,ICICI Prudential Rural Opportunities Fund,ICICI Prudential Rural Opportunities Fund - Direct Plan - Growth,100.0,APPROVE
239,20,icici prudential,ICICI Prudential Active Momentum Fund,ICICI Prudential Active Momentum Fund - Direct Plan - Growth,100.0,APPROVE
240,20,icici prudential,ICICI Prudential Conglomerate Fund,ICICI Prudential Conglomerate Fund - Direct Plan - Growth,100.0,APPROVE
241,20,icici prudential,ICICI Prudential Large Cap Fund (erstwhile Bluechip Fund),ICICI Prudential Large Cap Fund (erstwhile Bluechip Fund) - Direct Plan - Growth,100.0,APPROVE
242,20,icici prudential,ICICI Prudential Quality Fund,ICICI Prudential Quality Fund - Direct Plan - Growth,100.0,APPROVE
243,20,icici prudential,ICICI Prudential Value Fund (erstwhile Value Discovery Fund),ICICI Prudential Value Fund (erstwhile Value Discovery Fund) - Direct Plan - Growth,100.0,APPROVE
244,20,icici prudential,ICICI Prudential Dividend Yield Equity Fund,ICICI Prudential Dividend Yield Equity Fund Direct Plan Growth Option,92.47311827956989,APPROVE
245,20,icici prudential,ICICI Prudential Midcap Fund,ICICI Prudential MNC Fund - Direct Plan - Growth Option,90.56603773584906,APPROVE
246,20,icici prudential,ICICI Prudential Multicap Fund,ICICI Prudential MNC Fund - Direct Plan - Growth Option,87.27272727272728,REVIEW
247,20,icici prudential,ICICI Prudential Bluechip Fund,ICICI Prudential Flexicap Fund - Direct Plan - Growth,86.66666666666667,REVIEW
248,20,icici prudential,ICICI Prudential FMCG Fund,ICICI Prudential Flexicap Fund - Direct Plan - Growth,85.71428571428572,REVIEW
249,20,icici prudential,ICICI Prudential India Opportunities Fund,ICICI Prudential Rural Opportunities Fund - Direct Plan - Growth,85.36585365853658,REVIEW
250,20,icici prudential,ICICI Prudential Value Discovery Fund,ICICI Prudential Value Fund (erstwhile Value Discovery Fund) - Direct Plan - Growth,84.375,REVIEW
251,20,icici prudential,ICICI Prudential ESG Fund,ICICI Prudential MNC Fund - Direct Plan - Growth Option,84.0,REVIEW
252,20,icici prudential,ICICI Prudential US Bluechip Equity Fund,ICICI Prudential PSU Equity Fund - Direct Plan - Growth,83.33333333333334,REVIEW
253,20,icici prudential,ICICI Prudential Manufacturing Fund,ICICI Prudential MNC Fund - Direct Plan - Growth Option,83.33333333333334,REVIEW
254,20,icici prudential,ICICI Prudential Long Term Equity Fund (Tax Saving),ICICI Prudential PSU Equity Fund - Direct Plan - Growth,82.85714285714285,REVIEW
255,20,icici prudential,ICICI Prudential Infrastructure Fund,ICICI Prudential MNC Fund - Direct Plan - Growth Option,78.68852459016394,REVIEW
256,20,icici prudential,ICICI Prudential Technology Fund,ICICI Prudential Quality Fund - Direct Plan - Growth,78.68852459016394,REVIEW
257,20,icici prudential,ICICI Prudential Banking & Financial Services Fund,ICICI Prudential Banking and Financial Services Fund - Direct Plan -  Growth,78.4,REVIEW
258,20,icici prudential,ICICI Prudential Manufacture in India Fund,ICICI Prudential MNC Fund - Direct Plan - Growth Option,74.62686567164178,REVIEW
259,21,nippon india,Nippon India Innovation Fund,Nippon India Innovation Fund-Direct Plan-Growth Option,88.88888888888889,REVIEW
260,21,nippon india,Nippon India Value Fund,Nippon India Value Fund - Direct Plan Growth Plan,86.79245283018868,REVIEW
261,21,nippon india,Nippon India Banking & Financial Services Fund,Nippon India Banking & Financial Services Fund - Direct Plan Growth Plan - Bonus Option,80.70175438596492,REVIEW
262,21,nippon india,Nippon India Consumption Fund,Nippon India Consumption Fund - Direct Plan Growth Plan - Bonus,79.45205479452055,REVIEW
263,21,nippon india,Nippon India Vision Large & Mid Cap Fund,Nippon India Vision Large & Mid Cap Fund - Direct Plan Growth Plan - Bonus Option,78.43137254901961,REVIEW
264,21,nippon india,Nippon India Pharma Fund,Nippon India Value Fund - Direct Plan Growth Plan,77.77777777777779,REVIEW
265,21,nippon india,Nippon India Growth Mid Cap Fund,Nippon India Multi Cap Fund - Direct Plan Growth Plan - Growth Option,75.60975609756098,REVIEW
266,21,nippon india,Nippon India Quant Fund,Nippon India Value Fund - Direct Plan Growth Plan,75.47169811320755,REVIEW
267,21,nippon india,Nippon India Power & Infra Fund,Nippon India Power & Infra Fund - Direct Plan Growth Plan - Bonus Option,73.80952380952381,REVIEW
268,21,nippon india,Nippon India Small Cap Fund,Nippon India Value Fund - Direct Plan Growth Plan,73.6842105263158,REVIEW
269,21,nippon india,Nippon India ELSS Tax Saver Fund,Nippon India ELSS Tax Saver Fund - Direct Plan Growth Plan - Growth Option,73.5632183908046,REVIEW
270,21,nippon india,Nippon India Flexi Cap Fund,Nippon India Flexi Cap Fund - Direct Plan - Growth Plan - Growth Option,72.0,REVIEW
271,21,nippon india,Nippon India Vision Fund,Nippon India Innovation Fund-Direct Plan-Growth Option,71.1864406779661,REVIEW
272,21,nippon india,Nippon India Large Cap Fund,Nippon India Large Cap Fund - Direct Plan Growth Plan - Bonus Option,71.05263157894737,REVIEW
273,21,nippon india,Nippon India Multi Cap Fund,Nippon India Multi Cap Fund - Direct Plan Growth Plan - Bonus Option,71.05263157894737,REVIEW
274,21,nippon india,Nippon India Active Momentum Fund,Nippon India Active Momentum Fund-Direct Plan - Growth Option,70.2127659574468,REVIEW
275,22,sbi,SBI SMALL CAP FUND,SBI Small Cap Fund - Direct Plan - Growth,100.0,APPROVE
276,22,sbi,SBI Equity Minimum Variance Fund,SBI Equity Minimum Variance Fund - Direct Plan - Growth,100.0,APPROVE
277,22,sbi,SBI Dividend Yield Fund,SBI Dividend Yield Fund - Direct Plan - Growth,100.0,APPROVE
278,22,sbi,SBI Automotive Opportunities Fund,SBI Automotive Opportunities Fund - Direct Plan - Growth,100.0,APPROVE
279,22,sbi,SBI Energy Opportunities Fund,SBI Energy Opportunities Fund - Direct Plan - Growth,100.0,APPROVE
280,22,sbi,SBI Innovative Opportunities Fund,SBI Innovative Opportunities Fund - Direct Plan - Growth,100.0,APPROVE
281,22,sbi,SBI QUALITY FUND,SBI Quality Fund - Direct Plan - Growth,100.0,APPROVE
282,22,sbi,SBI Innovative Opoortunities Fund,SBI Innovative Opportunities Fund - Direct Plan - Growth,96.96969696969697,APPROVE
283,22,sbi,SBI Quant Fund,SBI Quality Fund - Direct Plan - Growth,86.66666666666667,REVIEW
284,22,sbi,SBI CONSUMPTION OPPORTUNITIES FUND,SBI Automotive Opportunities Fund - Direct Plan - Growth,80.59701492537313,REVIEW
285,22,sbi,SBI HEALTHCARE OPPORTUNITIES FUND,SBI Innovative Opportunities Fund - Direct Plan - Growth,78.78787878787878,REVIEW
286,22,sbi,SBI BANKING & FINANCIAL SERVICES FUND,SBI BANKING & FINANCIAL SERVICES FUND - DIRECT PLAN - GROWTH,76.28865979381443,REVIEW
287,22,sbi,SBI ESG Exclusionary Strategy Fund,SBI ESG Exclusionary Strategy Fund - Direct Plan -Growth,75.55555555555556,REVIEW
288,22,sbi,SBI ESG EXCLUSIONARY STRATEGY FUND,SBI ESG Exclusionary Strategy Fund - Direct Plan -Growth,75.55555555555556,REVIEW
289,22,sbi,SBI TECHNOLOGY OPPORTUNITIES FUND,SBI TECHNOLOGY OPPORTUNITIES FUND - DIRECT PLAN - GROWTH,74.15730337078652,REVIEW
290,22,sbi,SBI MultiCap Fund,SBI Quality Fund - Direct Plan - Growth,72.72727272727273,REVIEW
291,22,sbi,SBI PSU FUND,SBI Quality Fund - Direct Plan - Growth,71.42857142857143,REVIEW
292,25,tata,Tata Digital India Fund,Tata Digital India Fund-Direct Plan-Growth,100.0,APPROVE
293,25,tata,Tata India Consumer Fund,Tata India Consumer Fund-Direct Plan-Growth,100.0,APPROVE
294,25,tata,Tata Multicap Fund,Tata Multicap Fund - Direct Plan - Growth,100.0,APPROVE
295,25,tata,Tata Resources & Energy Fund,Tata Resources & Energy Fund-Direct Plan-Growth,100.0,APPROVE
296,25,tata,Tata Small Cap Fund,Tata Small Cap Fund-Direct Plan-Growth,100.0,APPROVE
297,25,tata,Tata Flexi Cap Fund,Tata Flexi Cap Fund-Direct Plan-Growth,100.0,APPROVE
298,25,tata,Tata Flexi cap Fund,Tata Flexi Cap Fund-Direct Plan-Growth,100.0,APPROVE
299,25,tata,Tata Business Cycle Fund,Tata Business Cycle Fund-Direct Plan-Growth,100.0,APPROVE
300,25,tata,Tata Dividend Yield Fund,Tata Dividend Yield Fund-Direct Plan-Growth,100.0,APPROVE
301,25,tata,Tata India Pharma & Healthcare Fund,Tata India Pharma & Healthcare Fund-Direct Plan-Growth,100.0,APPROVE
302,25,tata,Tata Housing Opportunities Fund,Tata Housing Opportunities Fund - Direct Plan - Growth,100.0,APPROVE
303,25,tata,Tata Focused Fund,Tata Focused Fund-Direct Plan-Growth,100.0,APPROVE
304,25,tata,Tata India Pharma & Heathcare Fund,Tata India Pharma & Healthcare Fund-Direct Plan-Growth,98.55072463768117,APPROVE
305,25,tata,Tata Banking & Financial Services Fund,Tata Banking And Financial Services Fund-Direct Plan-Growth,94.87179487179486,APPROVE
306,25,tata,Tata Mid Cap Growth Fund - Direct Plan,Tata Mid Cap Fund - Direct Plan- Growth Option,90.47619047619048,APPROVE
307,25,tata,Tata Large & Mid Cap Fund -Direct Plan,Tata Large & MId Cap Fund -Direct Plan- Growth Option,83.51648351648352,REVIEW
308,25,tata,Tata Mid Cap Fund,Tata Small Cap Fund-Direct Plan-Growth,83.33333333333334,REVIEW
309,25,tata,Tata Infrastructure Fund -Direct Plan,Tata Infrastructure Fund -Direct Plan -Growth Option,83.14606741573034,REVIEW
310,25,tata,Tata Focused Equity Fund,Tata Focused Fund-Direct Plan-Growth,82.92682926829268,REVIEW
311,25,tata,Tata Large Cap Fund -Direct Plan,Tata Large Cap Fund -Direct Plan Growth Option,82.05128205128204,REVIEW
312,25,tata,Tata Ethical Fund -Direct Plan,Tata Ethical Fund -Direct Plan- Growth Option,80.0,REVIEW
313,25,tata,Tata Large Cap Fund -Regular Plan - Growth,Tata Large Cap Fund -Direct Plan Growth Option,79.54545454545455,REVIEW
314,25,tata,Tata Large & Mid Cap Fund- Regular Plan - Growth,Tata Large & MId Cap Fund -Direct Plan- Growth Option,79.20792079207921,REVIEW
315,25,tata,Tata Large Cap Fund,Tata Small Cap Fund-Direct Plan-Growth,78.94736842105263,REVIEW
316,25,tata,Tata India Innovation Fund,Tata India Innovation Fund- Direct Growth,77.61194029850746,REVIEW
317,25,tata,Tata Mid Cap Growth Fund -Regular Plan- Dividend,Tata Mid Cap Fund - Direct Plan- Growth Option,76.59574468085107,REVIEW
318,25,tata,Tata Ethical Fund Regular Plan - Growth,Tata Ethical Fund -Direct Plan- Growth Option,76.19047619047619,REVIEW
319,25,tata,Tata Mid Cap Growth Fund -Regular Plan- Growth,Tata Large Cap Fund -Direct Plan Growth Option,73.91304347826086,REVIEW
320,25,tata,Tata Infrastructure Fund-Regular Plan - Growth,Tata Infrastructure Fund -Direct Plan -Growth Option,73.46938775510203,REVIEW
321,25,tata,Tata Quant Fund,Tata Multicap Fund - Direct Plan - Growth,72.72727272727273,REVIEW
322,25,tata,Tata Ethical Fund,Tata Flexi Cap Fund-Direct Plan-Growth,72.22222222222221,REVIEW
323,25,tata,Tata Large Cap Fund -Regular Plan - Dividend Option,Tata Large Cap Fund -Direct Plan Growth Option,72.16494845360825,REVIEW
324,25,tata,Tata Elss Fund,Tata Focused Fund-Direct Plan-Growth,70.96774193548387,REVIEW
325,26,taurus,Taurus Banking & Financial Services Fund,Taurus Banking & Financial Services Fund - Direct Plan - Growth,100.0,APPROVE
326,26,taurus,Taurus Ethical Fund,Taurus Ethical Fund - Direct Plan - Growth,100.0,APPROVE
327,26,taurus,Taurus Infrastructure Fund,Taurus Infrastructure Fund - Direct Plan - Growth ,100.0,APPROVE
328,26,taurus,Taurus Flexi Cap Fund,Taurus Flexi Cap Fund - Direct Plan - Growth,100.0,APPROVE
329,26,taurus,Taurus Elss Tax Saver Fund,Taurus ELSS Tax Saver Fund - Direct Plan - Growth,100.0,APPROVE
330,26,taurus,Taurus Large Cap Fund,Taurus Large Cap Fund - Direct Plan - Growth,100.0,APPROVE
331,26,taurus,Taurus Mid Cap Fund,Taurus Mid Cap Fund - Direct Plan - Growth,100.0,APPROVE
332,26,taurus,Taurus ELSS Tax Saver Fund,Taurus ELSS Tax Saver Fund - Direct Plan - Growth,100.0,APPROVE
333,26,taurus,Taurus Largecap Equity Fund,Taurus Large Cap Fund - Direct Plan - Growth,75.0,REVIEW
334,27,franklin,Franklin Asian Equity Fund,Franklin Asian Equity Fund - Direct - Growth,100.0,APPROVE
335,27,franklin,Franklin Build India Fund,Franklin Build India Fund - Direct - Growth,100.0,APPROVE
336,27,franklin,Franklin India Focused Equity Fund (erstwhile known as Franklin India High Growth Companies Fund),Franklin India Focused Equity Fund - Direct - Growth,100.0,APPROVE
337,27,franklin,Franklin India Opportunities Fund,Franklin India Opportunities Fund - Direct - Growth,100.0,APPROVE
338,27,franklin,Franklin India Technology Fund,Franklin India Technology Fund - Direct - Growth,100.0,APPROVE
339,27,franklin,Templeton India Value Fund (erstwhile known as Templeton India Growth Fund),Templeton India Value Fund - Direct - Growth,100.0,APPROVE
340,27,franklin,Franklin India Flexi Cap Fund (previously named as Franklin India Equity Fund),Franklin India Flexi Cap Fund - Direct - Growth,100.0,APPROVE
341,27,franklin,Franklin India Focused Equity Fund,Franklin India Focused Equity Fund - Direct - Growth,100.0,APPROVE
342,27,franklin,Templeton India Value Fund,Templeton India Value Fund - Direct - Growth,100.0,APPROVE
343,27,franklin,Franklin India Flexi Cap Fund,Franklin India Flexi Cap Fund - Direct - Growth,100.0,APPROVE
344,27,franklin,Franklin India ELSS Tax Saver Fund,Franklin India ELSS Tax Saver Fund - Direct - Growth,100.0,APPROVE
345,27,franklin,Franklin India Multi Cap Fund,Franklin India Multi Cap Fund - Direct - Growth,100.0,APPROVE
346,27,franklin,Franklin India Dividend Yield Fund,Franklin India Dividend Yield Fund - Direct - Growth,100.0,APPROVE
347,27,franklin,Franklin India Large & Mid Cap Fund,Franklin India Large & Mid Cap Fund - Direct - Growth,100.0,APPROVE
348,27,franklin,Franklin India Mid Cap Fund,Franklin India Mid Cap Fund - Direct - Growth,100.0,APPROVE
349,27,franklin,Franklin India Small Cap Fund,Franklin India Small Cap Fund - Direct - Growth,100.0,APPROVE
350,27,franklin,Franklin India Focused Equity Fund (Franklin India High Growth Companies Fund),Franklin India Focused Equity Fund - Direct - Growth,100.0,APPROVE
351,27,franklin,Templeton India Value Fund (Templeton India Growth Fund),Templeton India Value Fund - Direct - Growth,100.0,APPROVE
352,27,franklin,Franklin India Large Cap Fund,Franklin India Large & Mid Cap Fund - Direct - Growth,90.625,APPROVE
353,27,franklin,Franklin India Bluechip Fund,Franklin Build India Fund - Direct - Growth,86.79245283018868,REVIEW
354,27,franklin,Franklin India Equity Fund (erstwhile known as Franklin India Prima Plus),Franklin India Focused Equity Fund - Direct - Growth,86.66666666666667,REVIEW
355,27,franklin,Franklin India Equity Fund,Franklin India Focused Equity Fund - Direct - Growth,86.66666666666667,REVIEW
356,27,franklin,Franklin India Equity Fund (Franklin India Prima Plus),Franklin India Focused Equity Fund - Direct - Growth,86.66666666666667,REVIEW
357,27,franklin,Franklin India Smaller Companies Fund,Franklin India Small Cap Fund - Direct - Growth,84.84848484848484,REVIEW
358,27,franklin,Franklin India Multi-Factor Fund,Franklin India Multi Cap Fund - Direct - Growth,81.9672131147541,REVIEW
359,27,franklin,Franklin India Prima Fund,Franklin India Small Cap Fund - Direct - Growth,81.4814814814815,REVIEW
360,27,franklin,Franklin India Equity Advantage Fund (erstwhile known as Franklin India Flexi Cap Fund),Franklin Asian Equity Fund - Direct - Growth,77.41935483870968,REVIEW
361,27,franklin,Franklin India Equity Advantage Fund,Franklin Asian Equity Fund - Direct - Growth,77.41935483870968,REVIEW
362,27,franklin,Franklin India Equity Advantage Fund (Franklin India Flexi Cap Fund),Franklin Asian Equity Fund - Direct - Growth,77.41935483870968,REVIEW
363,28,uti,UTI Small Cap Fund,UTI Small Cap Fund - Direct Plan - Growth Option,100.0,APPROVE
364,28,uti,UTI ELSS Tax Saver Fund,UTI ELSS Tax Saver Fund - Direct Plan - Growth Option,100.0,APPROVE
365,28,uti,UTI Focused Fund,UTI Focused Fund - Direct Plan - Growth Option,100.0,APPROVE
366,28,uti,UTI Innovation Fund,UTI Innovation Fund - Direct Plan - Growth Option,100.0,APPROVE
367,28,uti,UTI Large & Mid Cap Fund,UTI Large & Mid Cap Fund - Direct Plan - Growth Option,100.0,APPROVE
368,28,uti,UTI Value Fund,UTI Value Fund - Direct Plan - Growth Option,100.0,APPROVE
369,28,uti,UTI Quant Fund,UTI Quant Fund - Direct Plan - Growth Option,100.0,APPROVE
370,28,uti,UTI Multi Cap Fund,UTI Multi Cap Fund - Direct Plan - Growth Option,100.0,APPROVE
371,28,uti,UTI - Banking and Financial Services Fund,UTI Banking and Financial Services Fund - Direct Plan - Growth Option,97.5,APPROVE
372,28,uti,UTI - India Consumer Fund,UTI India Consumer Fund - Direct Plan - Growth Option,95.83333333333334,APPROVE
373,28,uti,UTI - Healthcare Fund,UTI Healthcare Fund - Direct Plan - Growth Option,95.0,APPROVE
374,28,uti,UTI - Large Cap Fund,UTI Large Cap Fund - Direct Plan - Growth Option,94.73684210526316,APPROVE
375,28,uti,UTI - Mid Cap Fund,UTI Multi Cap Fund - Direct Plan - Growth Option,83.33333333333334,REVIEW
376,28,uti,UTI Focused Equity Fund,UTI Focused Fund - Direct Plan - Growth Option,82.05128205128204,REVIEW
377,28,uti,UTI - MNC Fund,UTI Quant Fund - Direct Plan - Growth Option,71.42857142857143,REVIEW
378,32,canara robeco,Canara Robeco Value Fund,Canara Robeco Value Fund - Direct Plan - Growth Option,100.0,APPROVE
379,32,canara robeco,Canara Robeco Multi Cap Fund,Canara Robeco Multi Cap Fund - Direct Plan - Growth Option,100.0,APPROVE
380,32,canara robeco,Canara Robeco Manufacturing Fund,Canara Robeco Manufacturing Fund - Direct Plan - Growth Option,100.0,APPROVE
381,32,canara robeco,Canara Robeco Focused Fund,Canara Robeco Focused Fund - Direct Plan - Growth Option,100.0,APPROVE
382,32,canara robeco,Canara Robeco Banking and Financial Services Fund,Canara Robeco Banking and Financials Services Fund - Direct Plan - Growth,98.98989898989899,APPROVE
383,32,canara robeco,Canara Robeco Mid Cap Fund,Canara Robeco Multi Cap Fund - Direct Plan - Growth Option,92.5925925925926,APPROVE
384,32,canara robeco,Canara Robeco Focused Equity Fund,Canara Robeco Focused Fund - Direct Plan - Growth Option,88.13559322033898,REVIEW
385,32,canara robeco,Canara Robeco Large Cap Fund,Canara Robeco Multi Cap Fund - Direct Plan - Growth Option,85.71428571428572,REVIEW
386,32,canara robeco,Canara Robeco Small Cap Fund,Canara Robeco Value Fund - Direct Plan - Growth Option,80.76923076923077,REVIEW
387,32,canara robeco,Canara Robeco Flexi Cap Fund,Canara Robeco Multi Cap Fund - Direct Plan - Growth Option,78.57142857142857,REVIEW
388,32,canara robeco,Canara Robeco Large and Mid Cap Fund,Canara Robeco Multi Cap Fund - Direct Plan - Growth Option,78.125,REVIEW
389,32,canara robeco,Canara Robeco Consumption Fund,Canara Robeco Focused Fund - Direct Plan - Growth Option,75.0,REVIEW
390,32,canara robeco,Canara Robeco Consumer Trends Fund,Canara Robeco Focused Fund - Direct Plan - Growth Option,73.33333333333334,REVIEW
391,32,canara robeco,Canara Robeco Equity Taxsaver Fund,Canara Robeco Value Fund - Direct Plan - Growth Option,72.41379310344827,REVIEW
392,32,canara robeco,Canara Robeco Infrastructure,Canara Robeco Manufacturing Fund - Direct Plan - Growth Option,70.0,REVIEW
393,33,sundaram,Sundaram Dividend Yield Fund (Formerly Known as Principal Dividend Yield Fund),Sundaram Dividend Yield Fund (Formerly Known as Principal Dividend Yield Fund) - Direct Plan - Growth Option,100.0,APPROVE
394,33,sundaram,Sundaram Focused Fund (Formerly Known as Principal Focused Multicap Fund),Sundaram Focused Fund (Formerly Known as Principal Focused Multicap Fund)- Direct Plan - Growth Option,100.0,APPROVE
395,33,sundaram,Sundaram Large Cap Fund ( Formerly Know as Sundaram Blue Chip Fund),Sundaram Large Cap Fund (Formerly Known as Sundaram Blue Chip Fund)Direct Plan - Growth,100.0,APPROVE
396,33,sundaram,Sundaram Multi Cap Fund (Formerly Known as Principal Multi Cap Growth Fund),Sundaram Multi Cap Fund (Formerly Known as Principal Multi Cap Growth Fund)-Direct Plan - Growth Option,100.0,APPROVE
397,33,sundaram,Sundaram Consumption Fund (Formerly Known as Sundaram Rural and Consumption Fund),Sundaram Consumption Fund (Formerly Known as Sundaram Rural and Consumption Fund Direct Plan - Growth),100.0,APPROVE
398,33,sundaram,Sundaram ELSS Tax Saver Fund,Sundaram ELSS Tax Saver Fund Direct Plan Growth,100.0,APPROVE
399,33,sundaram,Sundaram Business Cycle Fund,Sundaram Business Cycle Fund Direct Plan Growth,100.0,APPROVE
400,33,sundaram,Sundaram Multi-Factor Fund,Sundaram Multi-Factor Fund - Direct - Growth,100.0,APPROVE
401,33,sundaram,Sundaram Mid Cap Fund,Sundaram Multi Cap Fund (Formerly Known as Principal Multi Cap Growth Fund)-Direct Plan - Growth Option,90.9090909090909,APPROVE
402,33,sundaram,Sundaram Small Cap Fund,Sundaram Multi Cap Fund (Formerly Known as Principal Multi Cap Growth Fund)-Direct Plan - Growth Option,86.95652173913044,REVIEW
403,33,sundaram,Sundaram Rural and Consumption Fund,Sundaram Consumption Fund (Formerly Known as Sundaram Rural and Consumption Fund Direct Plan - Growth),83.33333333333334,REVIEW
404,33,sundaram,Sundaram Financial Services Opportunities Fund,Sundaram Financial Services Opportunities Fund Direct Plan - Growth,81.41592920353982,REVIEW
405,33,sundaram,Sundaram Large and Midcap Fund,Sundaram Large Cap Fund (Formerly Known as Sundaram Blue Chip Fund)Direct Plan - Growth,79.24528301886792,REVIEW
406,33,sundaram,Sundaram Tax Savings Fund (Formerly Known as Principal Tax Savings Fund),Sundaram ELSS Tax Saver Fund Direct Plan Growth,79.24528301886792,REVIEW
407,33,sundaram,Sundaram Infrastructure Advantage Fund (Erstwhile Sundaram Capex Opportunities),Sundaram Infrastructure Advantage Fund Direct Plan - Growth,78.35051546391753,REVIEW
408,33,sundaram,Sundaram Flexicap Fund,Sundaram Flexicap Fund Direct Growth,75.86206896551724,REVIEW
409,33,sundaram,Sundaram Bluechip Fund,Sundaram Focused Fund (Formerly Known as Principal Focused Multicap Fund)- Direct Plan - Growth Option,74.4186046511628,REVIEW
410,33,sundaram,Sundaram Equity Fund,Sundaram Focused Fund (Formerly Known as Principal Focused Multicap Fund)- Direct Plan - Growth Option,73.17073170731707,REVIEW
411,33,sundaram,Sundaram Select Focus,Sundaram Focused Fund (Formerly Known as Principal Focused Multicap Fund)- Direct Plan - Growth Option,71.42857142857143,REVIEW
412,33,sundaram,Sundaram Services Fund,Sundaram Large Cap Fund (Formerly Known as Sundaram Blue Chip Fund)Direct Plan - Growth,71.11111111111111,REVIEW
413,37,hsbc,HSBC Flexi Cap Fund,HSBC Flexi Cap Fund - Direct Growth,100.0,APPROVE
414,37,hsbc,HSBC Mid Cap Fund,HSBC Mid Cap Fund - Direct - Growth,100.0,APPROVE
415,37,hsbc,HSBC Business Cycles Fund,HSBC Business Cycles Fund - Direct Growth,100.0,APPROVE
416,37,hsbc,HSBC Focused Fund,HSBC Focused Fund - Direct Growth,100.0,APPROVE
417,37,hsbc,HSBC Infrastructure Fund,HSBC Infrastructure Fund - Direct Growth,100.0,APPROVE
418,37,hsbc,HSBC Large & Mid Cap Fund,HSBC Large & Mid Cap Fund - Direct Growth,100.0,APPROVE
419,37,hsbc,HSBC Large Cap Fund,HSBC Large Cap Fund - Direct Growth,100.0,APPROVE
420,37,hsbc,HSBC Midcap Fund,HSBC Midcap Fund - Direct Growth,100.0,APPROVE
421,37,hsbc,HSBC Small Cap Fund,HSBC Small Cap Fund - Direct Growth,100.0,APPROVE
422,37,hsbc,HSBC Value Fund,HSBC Value Fund - Direct Growth,100.0,APPROVE
423,37,hsbc,HSBC Consumption Fund,HSBC Consumption Fund - Direct Growth,100.0,APPROVE
424,37,hsbc,HSBC ELSS Tax saver Fund,HSBC ELSS Tax saver Fund - Direct Growth,100.0,APPROVE
425,37,hsbc,HSBC Multi Cap Fund,HSBC Multi Cap Fund - Direct - Growth,100.0,APPROVE
426,37,hsbc,HSBC India Export Opportunities Fund,HSBC India Export Opportunities Fund - Direct Growth,100.0,APPROVE
427,37,hsbc,HSBC Financial Services Fund,HSBC Financial Services Fund - Direct Growth,100.0,APPROVE
428,37,hsbc,HSBC Infrastructure Equity Fund,HSBC Infrastructure Fund - Direct Growth,87.27272727272728,REVIEW
429,37,hsbc,HSBC Large Cap Equity Fund,HSBC Large Cap Fund - Direct Growth,84.44444444444444,REVIEW
430,37,hsbc,HSBC Multi Cap Equity Fund,HSBC Multi Cap Fund - Direct - Growth,84.44444444444444,REVIEW
431,37,hsbc,HSBC Small Cap Equity Fund,HSBC Small Cap Fund - Direct Growth,84.44444444444444,REVIEW
432,37,hsbc,HSBC Tax Saver Equity Fund,HSBC ELSS Tax saver Fund - Direct Growth,84.0,REVIEW
433,37,hsbc,HSBC Focused Equity Fund,HSBC Focused Fund - Direct Growth,82.92682926829268,REVIEW
434,37,hsbc,HSBC Large And Mid Cap Equity Fund,HSBC Large & Mid Cap Fund - Direct Growth,81.35593220338984,REVIEW
435,37,hsbc,HSBC ELSS Fund,HSBC ELSS Tax saver Fund - Direct Growth,73.6842105263158,REVIEW
436,41,quantum,Quantum ELSS Tax Saver Fund,Quantum ELSS Tax Saver Fund - Direct Plan Growth Option,85.71428571428572,REVIEW
437,41,quantum,Quantum Ethical Fund,Quantum Ethical Fund - Direct Plan Growth Option,81.63265306122449,REVIEW
438,41,quantum,QUANTUM VALUE FUND,Quantum Value Fund - Direct Plan Growth Option,80.0,REVIEW
439,41,quantum,QUANTUM ESG BEST IN CLASS STRATEGY FUND,QUANTUM ESG BEST IN CLASS STRATEGY FUND - DIRECT PLAN - GROWTH OPTION,72.22222222222221,REVIEW
440,41,quantum,Quantum Long Term Equity Value Fund,Quantum Value Fund - Direct Plan Growth Option,70.96774193548387,REVIEW
441,41,quantum,QUANTUM LONG TERM EQUITY VALUE FUND,Quantum Value Fund - Direct Plan Growth Option,70.96774193548387,REVIEW
442,42,invesco,Invesco India Contra Fund,Invesco India Contra Fund - Direct Plan - Growth,100.0,APPROVE
443,42,invesco,Invesco India Financial Services Fund,Invesco India Financial Services Fund - Direct Plan - Growth,100.0,APPROVE
444,42,invesco,Invesco India Infrastructure Fund,Invesco India Infrastructure Fund - Direct Plan - Growth Option,100.0,APPROVE
445,42,invesco,Invesco India Largecap Fund,Invesco India Largecap Fund - Direct Plan - Growth,100.0,APPROVE
446,42,invesco,Invesco India Midcap Fund,Invesco India Midcap Fund - Direct Plan - Growth Option,100.0,APPROVE
447,42,invesco,Invesco India Multicap Fund,Invesco India Multicap Fund - Direct Plan - Growth Option,100.0,APPROVE
448,42,invesco,Invesco India PSU Equity Fund,Invesco India PSU Equity Fund - Direct Plan - Growth,100.0,APPROVE
449,42,invesco,Invesco India Smallcap Fund,Invesco India Smallcap Fund - Direct Plan - Growth,100.0,APPROVE
450,42,invesco,Invesco India Flexi Cap Fund,Invesco India Flexi Cap Fund - Direct Plan - Growth,100.0,APPROVE
451,42,invesco,Invesco India ELSS Tax Saver Fund,Invesco India ELSS Tax Saver Fund - Direct Plan - Growth,100.0,APPROVE
452,42,invesco,Invesco India Focused Fund,Invesco India Focused Fund - Direct Plan - Growth,100.0,APPROVE
453,42,invesco,Invesco India Large & Mid Cap Fund,Invesco India Large & Mid Cap Fund - Direct Plan - Growth,100.0,APPROVE
454,42,invesco,Invesco India ESG Integration Strategy Fund,Invesco India ESG Integration Strategy Fund - Direct Plan - Growth,100.0,APPROVE
455,42,invesco,Invesco India Manufacturing Fund,Invesco India Manufacturing Fund - Direct Plan - Growth,100.0,APPROVE
456,42,invesco,Invesco India Technology Fund,Invesco India Technology Fund - Direct Plan - Growth,100.0,APPROVE
457,42,invesco,Invesco India Business Cycle Fund,Invesco India Business Cycle Fund - Direct Plan - Growth,100.0,APPROVE
458,42,invesco,Invesco India Consumption Fund,Invesco India Consumption Fund - Direct Plan - Growth,100.0,APPROVE
459,42,invesco,Invesco India ESG Equity Fund,Invesco India PSU Equity Fund - Direct Plan - Growth,86.20689655172413,REVIEW
460,42,invesco,Invesco India Focused 20 Equity Fund,Invesco India Focused Fund - Direct Plan - Growth,83.87096774193549,REVIEW
461,45,mirae asset,Mirae Asset Great Consumer Fund,Mirae Asset Great Consumer Fund - Direct Plan - Growth,100.0,APPROVE
462,45,mirae asset,MIRAE ASSET FOCUSED FUND,Mirae Asset Focused Fund Direct Plan Growth,100.0,APPROVE
463,45,mirae asset,Mirae Asset Large Cap Fund,Mirae Asset Large Cap Fund - Direct Plan - Growth,100.0,APPROVE
464,45,mirae asset,Mirae Asset Focused Fund,Mirae Asset Focused Fund Direct Plan Growth,100.0,APPROVE
465,45,mirae asset,Mirae Asset ELSS Tax Saver Fund,Mirae Asset ELSS Tax Saver Fund - Direct Plan - Growth,100.0,APPROVE
466,45,mirae asset,Mirae Asset Flexi Cap Fund,Mirae Asset Flexi Cap Fund - Direct Plan - Growth,100.0,APPROVE
467,45,mirae asset,Mirae Asset Large & Midcap Fund,Mirae Asset Large & Midcap Fund - Direct Plan - Growth,100.0,APPROVE
468,45,mirae asset,Mirae Asset Multicap Fund,Mirae Asset Multicap Fund - Direct Plan - Growth,100.0,APPROVE
469,45,mirae asset,Mirae Asset Small Cap Fund,Mirae Asset Small Cap Fund - Direct Plan - Growth,100.0,APPROVE
470,45,mirae asset,Mirae Asset Infrastructure Fund,Mirae Asset Infrastructure Fund - Direct Plan - Growth,100.0,APPROVE
471,45,mirae asset,Mirae Asset Tax Saver Fund,Mirae Asset ELSS Tax Saver Fund - Direct Plan - Growth,91.22807017543859,APPROVE
472,45,mirae asset,Mirae Asset Banking and Financial Services Fund,Mirae Asset Banking and Financial Services Fund Direct Growth,87.03703703703704,REVIEW
473,45,mirae asset,Mirae Asset Midcap Fund,Mirae Asset Large & Midcap Fund - Direct Plan - Growth,85.18518518518519,REVIEW
474,45,mirae asset,Mirae Asset Healthcare Fund,Mirae Asset Healthcare Fund Direct Growth,79.41176470588236,REVIEW
475,45,mirae asset,MIRAE ASSET EMERGING BLUECHIP FUND,Mirae Asset Flexi Cap Fund - Direct Plan - Growth,73.33333333333334,REVIEW
476,46,bank of india,Bank of India Manufacturing & Infrastructure Fund,BANK OF INDIA Manufacturing & Infrastructure Fund-Direct Plan-Growth,100.0,APPROVE
477,46,bank of india,Bank of India SMALL CAP FUND,BANK OF INDIA Small Cap Fund Direct Plan Growth,100.0,APPROVE
478,46,bank of india,Bank of India Small Cap Fund,BANK OF INDIA Small Cap Fund Direct Plan Growth,100.0,APPROVE
479,46,bank of india,Bank of India Business Cycle Fund,Bank of India Business Cycle Fund - Direct Plan - Growth,100.0,APPROVE
480,46,bank of india,Bank of India Consumption Fund,Bank of India Consumption Fund - Direct - Growth,100.0,APPROVE
481,46,bank of india,Bank of India Large Cap Fund,BANK OF INDIA Large Cap Fund Direct Plan Growth,100.0,APPROVE
482,46,bank of india,Bank of India Mid Cap Fund,Bank of India Mid Cap Fund - Direct Plan Growth,100.0,APPROVE
483,46,bank of india,Bank of India Banking & Financial Services Fund,Bank of India Banking & Financial Services Fund - Direct Plan - Growth,100.0,APPROVE
484,46,bank of india,Bank of India Multi Cap Fund,Bank of India Mid Cap Fund - Direct Plan Growth,92.5925925925926,APPROVE
485,46,bank of india,Bank of India Large & Mid Cap Fund,BANK OF INDIA Large Cap Fund Direct Plan Growth,90.32258064516128,APPROVE
486,46,bank of india,Bank of India Flexi Cap Fund,Bank of India Mid Cap Fund - Direct Plan Growth,81.4814814814815,REVIEW
487,46,bank of india,Bank of India LARGE & MID CAP EQUITY FUND,BANK OF INDIA Large Cap Fund Direct Plan Growth,81.15942028985508,REVIEW
488,46,bank of india,Bank of India Large & Mid Cap Equity Fund,BANK OF INDIA Large Cap Fund Direct Plan Growth,81.15942028985508,REVIEW
489,46,bank of india,BOI AXA Manufacturing & Infrastructure Fund,BANK OF INDIA Manufacturing & Infrastructure Fund-Direct Plan-Growth,80.43478260869566,REVIEW
490,46,bank of india,Bank of India Bluechip Fund,Bank of India Mid Cap Fund - Direct Plan Growth,79.24528301886792,REVIEW
491,46,bank of india,Bank of India ELSS Tax Saver,BANK OF INDIA ELSS Tax Saver -Direct Plan- Growth,72.72727272727273,REVIEW
492,47,edelweiss,Edelweiss Large & Mid Cap Fund,Edelweiss Large & Mid Cap Fund - Direct Plan - Growth Option,100.0,APPROVE
493,47,edelweiss,Edelweiss Mid Cap Fund,Edelweiss Mid Cap Fund - Direct Plan - Growth Option,100.0,APPROVE
494,47,edelweiss,Edelweiss Tax Advantage Fund,Edelweiss Tax Advantage Fund - Direct Plan - Growth Option,100.0,APPROVE
495,47,edelweiss,Edelweiss Small Cap Fund,Edelweiss Small Cap Fund - Direct Plan - Growth,100.0,APPROVE
496,47,edelweiss,Edelweiss Flexi Cap Fund,Edelweiss Flexi Cap Fund - Direct Plan - Growth Option,100.0,APPROVE
497,47,edelweiss,Edelweiss Recently Listed IPO Fund,Edelweiss Recently Listed IPO Fund Direct Plan Growth,100.0,APPROVE
498,47,edelweiss,Edelweiss Focused Fund,Edelweiss Focused Fund - Direct Plan - Growth,100.0,APPROVE
499,47,edelweiss,Edelweiss Multi Cap Fund,Edelweiss Multi Cap Fund - Direct Plan - Growth,100.0,APPROVE
500,47,edelweiss,Edelweiss Business Cycle Fund,Edelweiss Business Cycle Fund - Direct Plan - Growth,100.0,APPROVE
501,47,edelweiss,Edelweiss Technology Fund,Edelweiss Technology Fund - Direct Plan - Growth,100.0,APPROVE
502,47,edelweiss,Edelweiss Consumption Fund,Edelweiss Consumption Fund - Direct - Growth,100.0,APPROVE
503,47,edelweiss,Edelweiss Financial Services Fund,Edelweiss Financial Services Fund - Direct Plan - Growth Option,100.0,APPROVE
504,47,edelweiss,Edelweiss Large Cap Fund,Edelweiss Large & Mid Cap Fund - Direct Plan - Growth Option,88.88888888888889,REVIEW
505,47,edelweiss,Edelweiss Focused Equity Fund,Edelweiss Focused Fund - Direct Plan - Growth,86.27450980392157,REVIEW
506,47,edelweiss,Edelweiss Multi-Cap Fund,Edelweiss Multi Cap Fund - Direct Plan - Growth,83.33333333333334,REVIEW
507,48,bandhan,BANDHAN Infrastructure Fund,BANDHAN Infrastructure Fund-Direct Plan-Growth,100.0,APPROVE
508,48,bandhan,Bandhan ELSS Tax saver Fund,BANDHAN ELSS Tax Saver Fund - Direct Plan - Growth,100.0,APPROVE
509,48,bandhan,Bandhan Flexi Cap Fund,BANDHAN Flexi Cap Fund-Direct Plan-Growth,100.0,APPROVE
510,48,bandhan,Bandhan Large Cap Fund,BANDHAN Large Cap Fund-Direct Plan-Growth,100.0,APPROVE
511,48,bandhan,Bandhan Business Cycle Fund,Bandhan Business Cycle Fund - Direct Plan - Growth,100.0,APPROVE
512,48,bandhan,Bandhan Innovation Fund,Bandhan Innovation Fund - Direct Plan - Growth,100.0,APPROVE
513,48,bandhan,Bandhan Focused Fund,Bandhan Focused Fund - Direct Plan - Growth,100.0,APPROVE
514,48,bandhan,Bandhan Healthcare Fund,Bandhan Healthcare Fund - Direct Plan - Growth,100.0,APPROVE
515,48,bandhan,Bandhan Large & Mid Cap Fund,Bandhan Large & Mid Cap Fund - Direct Plan - Growth,100.0,APPROVE
516,48,bandhan,Bandhan Multi-Factor Fund,Bandhan Multi-Factor Fund - Direct Plan - Growth,100.0,APPROVE
517,48,bandhan,Bandhan Value Fund,Bandhan Value Fund - Direct Plan - Growth,100.0,APPROVE
518,48,bandhan,Bandhan Infrastructure Fund,BANDHAN Infrastructure Fund-Direct Plan-Growth,100.0,APPROVE
519,48,bandhan,Bandhan ELSS Tax Saver Fund,BANDHAN ELSS Tax Saver Fund - Direct Plan - Growth,100.0,APPROVE
520,48,bandhan,Bandhan Focused Equity Fund,Bandhan Focused Fund - Direct Plan - Growth,85.1063829787234,REVIEW
521,48,bandhan,BANDHAN Multi Cap Fund,BANDHAN Large Cap Fund-Direct Plan-Growth,81.81818181818181,REVIEW
522,48,bandhan,BANDHAN Small Cap Fund,BANDHAN Large Cap Fund-Direct Plan-Growth,81.81818181818181,REVIEW
523,48,bandhan,Bandhan Multi Cap Fund,BANDHAN Large Cap Fund-Direct Plan-Growth,81.81818181818181,REVIEW
524,48,bandhan,Bandhan Small Cap Fund,BANDHAN Large Cap Fund-Direct Plan-Growth,81.81818181818181,REVIEW
525,48,bandhan,Bandhan MULTI CAP FUND,BANDHAN Large Cap Fund-Direct Plan-Growth,81.81818181818181,REVIEW
526,48,bandhan,Bandhan SMALL CAP FUND,BANDHAN Large Cap Fund-Direct Plan-Growth,81.81818181818181,REVIEW
527,48,bandhan,Bandhan Sterling Value Fund,Bandhan Value Fund - Direct Plan - Growth,80.0,REVIEW
528,48,bandhan,BANDHAN Transportation and Logistics Fund,BANDHAN TRANSPORTATION AND LOGISTICS FUND - GROWTH - DIRECT PLAN,78.0952380952381,REVIEW
529,48,bandhan,Bandhan Transportation and Logistics Fund,BANDHAN TRANSPORTATION AND LOGISTICS FUND - GROWTH - DIRECT PLAN,78.0952380952381,REVIEW
530,48,bandhan,Bandhan TRANSPORTATION AND LOGISTICS FUND,BANDHAN TRANSPORTATION AND LOGISTICS FUND - GROWTH - DIRECT PLAN,78.0952380952381,REVIEW
531,48,bandhan,BANDHAN Emerging Businesses Fund,Bandhan Business Cycle Fund - Direct Plan - Growth,77.96610169491525,REVIEW
532,48,bandhan,Bandhan Emerging Businesses Fund,Bandhan Business Cycle Fund - Direct Plan - Growth,77.96610169491525,REVIEW
533,48,bandhan,BANDHAN Midcap Fund,Bandhan Value Fund - Direct Plan - Growth,75.67567567567568,REVIEW
534,48,bandhan,Bandhan Midcap Fund,Bandhan Value Fund - Direct Plan - Growth,75.67567567567568,REVIEW
535,48,bandhan,Bandhan MIDCAP FUND,Bandhan Value Fund - Direct Plan - Growth,75.67567567567568,REVIEW
536,48,bandhan,IDFC Infrastructure Fund,BANDHAN Infrastructure Fund-Direct Plan-Growth,74.50980392156863,REVIEW
537,48,bandhan,Bandhan Core Equity Fund,BANDHAN Flexi Cap Fund-Direct Plan-Growth,73.91304347826086,REVIEW
538,48,bandhan,Bandhan Financial Services Fund,BANDHAN FINANCIAL SERVICES FUND - DIRECT PLAN - GROWTH,72.94117647058825,REVIEW
539,53,axis,Axis Midcap Fund,Axis Midcap Fund - Direct Plan - Growth,100.0,APPROVE
540,53,axis,Axis Multicap Fund,Axis Multicap Fund - Direct Growth,100.0,APPROVE
541,53,axis,Axis Small Cap Fund,Axis Small Cap Fund - Direct Plan - Growth,100.0,APPROVE
542,53,axis,Axis Flexi Cap Fund,Axis Flexi Cap Fund - Direct Plan - Growth,100.0,APPROVE
543,53,axis,Axis Quant Fund,Axis Quant Fund - Direct Plan - Growth,100.0,APPROVE
544,53,axis,Axis Value Fund,Axis Value Fund - Direct Plan - Growth,100.0,APPROVE
545,53,axis,Axis Business Cycles Fund,Axis Business Cycles Fund - Direct Plan - Growth,100.0,APPROVE
546,53,axis,Axis ELSS Tax Saver Fund,Axis ELSS Tax Saver Fund - Direct Plan - Growth Option,100.0,APPROVE
547,53,axis,Axis ESG Integration Strategy Fund,Axis ESG Integration Strategy Fund - Direct Plan - Growth Option,100.0,APPROVE
548,53,axis,Axis India Manufacturing Fund,Axis India Manufacturing Fund - Direct Plan - Growth,100.0,APPROVE
549,53,axis,Axis Focused Fund,Axis Focused Fund - Direct Plan - Growth Option,100.0,APPROVE
550,53,axis,Axis Innovation Fund,Axis Innovation Fund - Direct Plan - Growth Option,100.0,APPROVE
551,53,axis,Axis Momentum Fund,Axis Momentum Fund - Direct Plan - Growth Option,100.0,APPROVE
552,53,axis,Axis Large & Mid Cap Fund,Axis Large & Mid Cap Fund - Direct Plan - Growth,100.0,APPROVE
553,53,axis,Axis Large Cap Fund,Axis Large Cap Fund - Direct Plan - Growth,100.0,APPROVE
554,53,axis,Axis Services Opportunities Fund,Axis Services Opportunities Fund - Direct Plan - Growth Option,100.0,APPROVE
555,53,axis,Axis Focused 25 Fund,Axis Focused Fund - Direct Plan - Growth Option,91.89189189189189,APPROVE
556,53,axis,Axis Growth Opportunities Fund,Axis Services Opportunities Fund - Direct Plan - Growth Option,74.19354838709677,REVIEW
557,53,axis,Axis Bluechip Fund,Axis Flexi Cap Fund - Direct Plan - Growth,70.27027027027026,REVIEW
558,54,navi,Navi Flexi Cap Fund,Navi Flexi Cap Fund - Direct Plan - Growth,100.0,APPROVE
559,54,navi,Navi Large Cap Equity Fund,Navi Large Cap Equity Fund-Direct Plan-Growth Option,88.13559322033898,REVIEW
560,54,navi,Navi ELSS Tax Saver Nifty 50 Index Fund,NAVI ELSS TAX SAVER NIFTY 50 INDEX FUND - DIRECT PLAN GROWTH,78.78787878787878,REVIEW
561,54,navi,Essel Flexi Cap Fund,Navi Flexi Cap Fund - Direct Plan - Growth,71.7948717948718,REVIEW
562,54,navi,Essel Large Cap Equity Fund,Navi Large Cap Equity Fund-Direct Plan-Growth Option,70.0,REVIEW
563,55,motilal oswal,Motilal Oswal Large and Midcap Fund (MOFLM),Motilal Oswal Large and Midcap Fund - Direct Plan Growth,100.0,APPROVE
564,55,motilal oswal,Motilal Oswal Large and Midcap Fund,Motilal Oswal Large and Midcap Fund - Direct Plan Growth,100.0,APPROVE
565,55,motilal oswal,Motilal Oswal ELSS Tax Saver Fund,Motilal Oswal ELSS Tax Saver Fund - Direct Plan - Growth Option,100.0,APPROVE
566,55,motilal oswal,Motilal Oswal Small Cap Fund,Motilal Oswal Small Cap Fund - Direct - Growth,100.0,APPROVE
567,55,motilal oswal,Motilal Oswal Digital India Fund,Motilal Oswal Digital India Fund - Direct Plan - Growth,100.0,APPROVE
568,55,motilal oswal,Motilal Oswal Quant Fund,Motilal Oswal Quant Fund - Direct - Growth,100.0,APPROVE
569,55,motilal oswal,Motilal Oswal Consumption Fund,Motilal Oswal Consumption Fund-Direct-Growth,100.0,APPROVE
570,55,motilal oswal,Motilal Oswal Infrastructure Fund,Motilal Oswal Infrastructure Fund-Direct-Growth,100.0,APPROVE
571,55,motilal oswal,Motilal Oswal Services Fund,Motilal Oswal Services Fund - Direct Plan - Growth,100.0,APPROVE
572,55,motilal oswal,Motilal Oswal Special Opportunities Fund,Motilal Oswal Special Opportunities Fund - Direct - Growth,100.0,APPROVE
573,55,motilal oswal,Motilal Oswal Large Cap Fund,Motilal Oswal Large Cap Direct Plan Growth,90.19607843137256,APPROVE
574,55,motilal oswal,Motilal Oswal Midcap Fund,Motilal Oswal Midcap Fund-Direct Plan-Growth Option,87.71929824561404,REVIEW
575,55,motilal oswal,Motilal Oswal Focused Fund,Motilal Oswal Focused Fund - Direct Plan Growth Option,85.24590163934427,REVIEW
576,55,motilal oswal,Motilal Oswal Focused 25 Fund (MOF25),Motilal Oswal Focused Fund - Direct Plan Growth Option,84.375,REVIEW
577,55,motilal oswal,Motilal Oswal Financial Services Fund,Motilal Oswal Services Fund - Direct Plan - Growth,84.375,REVIEW
578,55,motilal oswal,Motilal Oswal Midcap 30 Fund (MOF30),Motilal Oswal Midcap Fund-Direct Plan-Growth Option,83.33333333333334,REVIEW
579,55,motilal oswal,Motilal Oswal Active Momentum Fund,Motilal Oswal Active Momentum Fund- Direct-Growth,81.92771084337349,REVIEW
580,55,motilal oswal,Motilal Oswal Manufacturing Fund,Motilal Oswal Infrastructure Fund-Direct-Growth,80.0,REVIEW
581,55,motilal oswal,Motilal Oswal Innovation Opportunities Fund,Motilal Oswal Innovation Opportunities Fund - Direct Plan- Growth,79.62962962962963,REVIEW
582,55,motilal oswal,Motilal Oswal Flexi Cap Fund,Motilal Oswal Small Cap Fund - Direct - Growth,78.57142857142857,REVIEW
583,55,motilal oswal,Motilal Oswal Multi Cap Fund,Motilal Oswal Small Cap Fund - Direct - Growth,78.57142857142857,REVIEW
584,55,motilal oswal,Motilal Oswal Business Cycle Fund,Motilal Oswal Business Cycle Fund - Direct Plan- Growth,75.0,REVIEW
585,58,pgim india,PGIM India Large Cap Fund,PGIM India Large Cap Fund - Direct Plan - Growth,100.0,APPROVE
586,58,pgim india,PGIM India ELSS Tax Saver Fund (Earlier known as PGIM India Long Term Equity Fund),PGIM India ELSS Tax Saver Fund - Direct Plan - Growth Option,100.0,APPROVE
587,58,pgim india,PGIM India Flexi cap fund,PGIM India Flexi Cap Fund - Direct Plan - Growth Option,100.0,APPROVE
588,58,pgim india,PGIM India ELSS Tax Saver Fund,PGIM India ELSS Tax Saver Fund - Direct Plan - Growth Option,100.0,APPROVE
589,58,pgim india,PGIM India Healthcare Fund,PGIM India Healthcare Fund - Direct Plan - Growth Option,100.0,APPROVE
590,58,pgim india,PGIM India Large and Midcap Fund,PGIM India Large and Midcap Fund - Direct Plan - Growth Option,100.0,APPROVE
591,58,pgim india,PGIM India Multi Cap Fund,PGIM India Multi Cap Fund - Direct Plan - Growth Option,100.0,APPROVE
592,58,pgim india,PGIM India Midcap Fund,PGIM India Midcap Fund - Direct Plan - Growth Option,100.0,APPROVE
593,58,pgim india,PGIM India Small Cap Fund,PGIM India Flexi Cap Fund - Direct Plan - Growth Option,76.0,REVIEW
594,58,pgim india,PGIM India Midcap Opportunities Fund,PGIM India Midcap Fund - Direct Plan - Growth Option,75.86206896551724,REVIEW
595,61,union,Union Largecap Fund,Union Largecap Fund - Direct Plan - Growth Option,100.0,APPROVE
596,61,union,Union Small Cap Fund,Union Small Cap Fund - Direct Plan - Growth Option,100.0,APPROVE
597,61,union,Union Focused Fund,Union Focused Fund - Direct Plan - Growth Option,100.0,APPROVE
598,61,union,Union Large & Midcap Fund,Union Large & Midcap Fund - Direct Plan - Growth Option,100.0,APPROVE
599,61,union,Union Flexi Cap Fund,Union Flexi Cap Fund - Direct Plan - Growth Option,100.0,APPROVE
600,61,union,Union Midcap Fund,Union Midcap Fund - Direct Plan - Growth Option,100.0,APPROVE
601,61,union,Union Multicap Fund,Union Multicap Fund - Direct Plan - Growth Option,100.0,APPROVE
602,61,union,Union ELSS Tax Saver Fund (Formerly Union Tax Saver (ELSS) Fund,Union ELSS Tax Saver Fund - Direct Plan - Growth Option,100.0,APPROVE
603,61,union,Union Innovation & Opportunities Fund,Union Innovation & Opportunities Fund - Direct Plan - Growth Option,100.0,APPROVE
604,61,union,Union Value Fund,Union Value Fund - Direct Plan - Growth Option,100.0,APPROVE
605,61,union,Union Active Momentum Fund,Union Active Momentum Fund - Direct Plan - Growth Option,100.0,APPROVE
606,61,union,Union Business Cycle Fund,Union Business Cycle Fund - Direct Plan - Growth Option,100.0,APPROVE
607,61,union,Union Consumption Fund,Union Consumption Fund - Direct Plan - Growth Option,100.0,APPROVE
608,61,union,Union Multi Cap Fund,Union Small Cap Fund - Direct Plan - Growth Option,85.0,REVIEW
609,61,union,Union Value Discovery Fund,Union Value Fund - Direct Plan - Growth Option,76.19047619047619,REVIEW
610,61,union,Union Tax Saver (ELSS) Fund (Formerly Union Long Term Equity Fund),Union ELSS Tax Saver Fund - Direct Plan - Growth Option,75.0,REVIEW
611,62,360 one,360 ONE ELSS Tax Saver Nifty 50 Index Fund(Formerly known as IIFL ELSS Nifty 50 Tax Saver Index Fund,360 ONE ELSS Tax Saver Nifty 50 Index Fund - Direct Plan - Growth,100.0,APPROVE
612,62,360 one,360 ONE ELSS Tax Saver Nifty 50 Index Fund,360 ONE ELSS Tax Saver Nifty 50 Index Fund - Direct Plan - Growth,100.0,APPROVE
613,62,360 one,360 ONE Focused Fund,360 ONE Focused Fund-Direct Plan-Growth,100.0,APPROVE
614,62,360 one,360 ONE ELSS Nifty 50 Tax Saver Index Fund(Formerly known as IIFL ELSS Nifty 50 Tax Saver Index Fund,360 ONE ELSS Tax Saver Nifty 50 Index Fund - Direct Plan - Growth,100.0,APPROVE
615,62,360 one,360 ONE ELSS Tax Saver Nifty 50 Index Fund (Formerly as 360 ONE ELSS Nifty 50 Tax Saver Index Fund),360 ONE ELSS Tax Saver Nifty 50 Index Fund - Direct Plan - Growth,100.0,APPROVE
616,62,360 one,360 ONE Focused Equity Fund (Formerly known as IIFL Focused Equity Fund),360 ONE Focused Fund-Direct Plan-Growth,85.1063829787234,REVIEW
617,62,360 one,360 ONE Focused Equity Fund,360 ONE Focused Fund-Direct Plan-Growth,85.1063829787234,REVIEW
618,62,360 one,IIFL ELSS Nifty 50 Tax Saver Index Fund,360 ONE ELSS Tax Saver Nifty 50 Index Fund - Direct Plan - Growth,83.9506172839506,REVIEW
619,62,360 one,360 ONE FLEXICAP FUND,360 ONE Focused Fund-Direct Plan-Growth,73.17073170731707,REVIEW
620,62,360 one,360 ONE QUANT FUND (Formerly known as IIFL QUANT FUND),360 ONE QUANT FUND DIRECT GROWTH,72.0,REVIEW
621,62,360 one,360 ONE QUANT FUND,360 ONE QUANT FUND DIRECT GROWTH,72.0,REVIEW
622,63,groww,Groww ELSS Tax Saver Fund (formerly known as Indiabulls Tax Savings Fund),Groww ELSS Tax Saver Fund (formerly known as Indiabulls Tax Savings Fund)- Direct Plan- Growth Option,100.0,APPROVE
623,63,groww,Groww Value Fund (formerly known as Indiabulls Value Fund),Groww Value Fund (formerly known as Indiabulls Value Fund) - Direct Plan - Growth Option,100.0,APPROVE
624,63,groww,Groww Banking & Financial Services Fund,Groww Banking & Financial Services Fund - Direct Plan - Growth,100.0,APPROVE
625,63,groww,Groww ELSS Tax Saver Fund,Groww ELSS Tax Saver Fund (formerly known as Indiabulls Tax Savings Fund)- Direct Plan- Growth Option,100.0,APPROVE
626,63,groww,Groww Multicap Fund,Groww Multicap Fund - Direct - Growth,100.0,APPROVE
627,63,groww,Groww Value Fund,Groww Value Fund (formerly known as Indiabulls Value Fund) - Direct Plan - Growth Option,100.0,APPROVE
628,63,groww,Groww Small Cap Fund,Groww Small Cap Fund-Direct-Growth,100.0,APPROVE
629,63,groww,Groww ELSS Tax Saver Fund (Formerly Known as Indiabulls Tax Savings Fund),Groww ELSS Tax Saver Fund (formerly known as Indiabulls Tax Savings Fund)- Direct Plan- Growth Option,100.0,APPROVE
630,63,groww,Groww Value Fund (Formerly known as Indiabulls Value Fund),Groww Value Fund (formerly known as Indiabulls Value Fund) - Direct Plan - Growth Option,100.0,APPROVE
631,63,groww,Groww Large Cap Fund (formerly known as Indiabulls Blue Chip Fund),Groww Largecap Fund (formerly known as Indiabulls Blue Chip Fund) - Direct Plan - Growth Option,82.05128205128204,REVIEW
632,63,groww,Groww Large Cap Fund,Groww Largecap Fund (formerly known as Indiabulls Blue Chip Fund) - Direct Plan - Growth Option,82.05128205128204,REVIEW
633,63,groww,Groww Large Cap Fund (Formerly Known as Indiabulls Blue Chip Fund),Groww Largecap Fund (formerly known as Indiabulls Blue Chip Fund) - Direct Plan - Growth Option,82.05128205128204,REVIEW
634,67,shriram,Shriram Flexi Cap Fund,Shriram Flexi Cap Fund - Direct Growth,100.0,APPROVE
635,67,shriram,Shriram ELSS Tax Saver Fund,Shriram ELSS Tax Saver Fund - Direct Growth,100.0,APPROVE
636,67,shriram,Shriram Multi Sector Rotation Fund,Shriram Multi Sector Rotation Fund - Direct Plan Growth Option,88.31168831168831,REVIEW
637,69,mahindra manulife,Mahindra Manulife Small Cap Fund,Mahindra Manulife Small Cap Fund - Direct Plan - Growth,100.0,APPROVE
638,69,mahindra manulife,Mahindra Manulife Business Cycle Fund,Mahindra Manulife Business Cycle Fund - Direct Plan - Growth,100.0,APPROVE
639,69,mahindra manulife,Mahindra Manulife Manufacturing Fund,Mahindra Manulife Manufacturing Fund - Direct Plan - Growth,100.0,APPROVE
640,69,mahindra manulife,Mahindra Manulife Innovation Opportunities Fund,Mahindra Manulife Innovation Opportunities Fund - Direct - Growth,100.0,APPROVE
641,69,mahindra manulife,Mahindra Manulife Value Fund,Mahindra Manulife Value Fund - Direct Plan - Growth,100.0,APPROVE
642,69,mahindra manulife,MahindraManulife Banking & Financial Services Fund,Mahindra Manulife Banking & Financial Services Fund - Direct - Growth,99.00990099009901,APPROVE
643,69,mahindra manulife,Mahindra Manulife Multi Cap Fund,Mahindra Manulife Small Cap Fund - Direct Plan - Growth,90.625,APPROVE
644,69,mahindra manulife,Mahindra Manulife Mid Cap Fund,Mahindra Manulife Small Cap Fund - Direct Plan - Growth,90.32258064516128,APPROVE
645,69,mahindra manulife,Mahindra Manulife Flexi Cap Fund,Mahindra Manulife Small Cap Fund - Direct Plan - Growth,81.25,REVIEW
646,69,mahindra manulife,Mahindra Manulife Large Cap Fund,Mahindra Manulife Small Cap Fund - Direct Plan - Growth,81.25,REVIEW
647,69,mahindra manulife,Mahindra Manulife ELSS Fund,Mahindra Manulife Business Cycle Fund - Direct Plan - Growth,81.25,REVIEW
648,69,mahindra manulife,Mahindra Manulife Large & Mid Cap Fund,Mahindra Manulife Small Cap Fund - Direct Plan - Growth,80.0,REVIEW
649,69,mahindra manulife,Mahindra Manulife Focused Fund,Mahindra Manulife Business Cycle Fund - Direct Plan - Growth,77.61194029850746,REVIEW
650,69,mahindra manulife,Mahindra Manulife ELSS Tax Saver Fund,Mahindra Manulife ELSS Tax Saver Fund - Direct Plan -Growth,77.08333333333334,REVIEW
651,69,mahindra manulife,Mahindra Manulife Flexi Cap Yojana,Mahindra Manulife Small Cap Fund - Direct Plan - Growth,75.75757575757575,REVIEW
652,69,mahindra manulife,Mahindra Manulife Consumption Fund,Mahindra Manulife Small Cap Fund - Direct Plan - Growth,75.75757575757575,REVIEW
653,70,iti,ITI Multi Cap Fund,ITI Multi Cap Fund - Direct Plan - Growth Option,100.0,APPROVE
654,70,iti,ITI Large Cap Fund,ITI Large Cap Fund - Direct Plan - Growth Option,100.0,APPROVE
655,70,iti,ITI Small Cap Fund,ITI Small Cap Fund - Direct Plan - Growth Option,100.0,APPROVE
656,70,iti,ITI Banking and Financial Services Fund,ITI Banking and Financial Services Fund - Direct Plan - Growth Option,100.0,APPROVE
657,70,iti,ITI Mid Cap Fund,ITI Mid Cap Fund - Direct Plan - Growth Option,100.0,APPROVE
658,70,iti,ITI Pharma and Healthcare Fund,ITI Pharma and Healthcare Fund - Direct Plan - Growth Option,100.0,APPROVE
659,70,iti,ITI Value Fund,ITI Value Fund - Direct Plan - Growth Option,100.0,APPROVE
660,70,iti,ITI ELSS Tax Saver Fund,ITI ELSS Tax Saver Fund - Direct Plan - Growth Option,100.0,APPROVE
661,70,iti,ITI Bharat Consumption Fund,ITI Bharat Consumption Fund - Direct Plan - Growth,100.0,APPROVE
662,70,iti,ITI Focused Fund,ITI Focused Fund - Direct Plan - Growth,100.0,APPROVE
663,70,iti,ITI Large & Mid Cap Fund,ITI Large Cap Fund - Direct Plan - Growth Option,85.71428571428572,REVIEW
664,70,iti,ITI Focused Equity Fund,ITI Focused Fund - Direct Plan - Growth,82.05128205128204,REVIEW
665,70,iti,ITI Flexi Cap Fund,ITI Mid Cap Fund - Direct Plan - Growth Option,70.58823529411764,REVIEW
666,71,whiteoak capital,WhiteOak Capital Large Cap Fund,WhiteOak Capital Large Cap Fund Direct Plan Growth,100.0,APPROVE
667,71,whiteoak capital,WhiteOak Capital Mid Cap Fund,WhiteOak Capital Mid Cap Fund Direct Plan Growth,100.0,APPROVE
668,71,whiteoak capital,WhiteOak Capital ELSS Tax Saver Fund,WhiteOak Capital ELSS Tax Saver Fund Direct Plan Growth,100.0,APPROVE
669,71,whiteoak capital,WhiteOak Capital Large & Mid Cap Fund,Whiteoak Capital Large & Mid Cap Fund Direct Plan Growth,100.0,APPROVE
670,71,whiteoak capital,WhiteOak Capital Multi Cap Fund,WhiteOak Capital Multi Cap Fund Direct Plan Growth,100.0,APPROVE
671,71,whiteoak capital,WhiteOak Capital Banking & Financial Services Fund,WhiteOak Capital Banking & Financial Services Fund - Direct Growth,100.0,APPROVE
672,71,whiteoak capital,WhiteOak Capital Digital Bharat Fund,WhiteOak Capital Digital Bharat Fund Direct Plan Growth,100.0,APPROVE
673,71,whiteoak capital,WhiteOak Capital ESG Best-In-Class Strategy Fund,WhiteOak Capital ESG Best-In-Class Strategy Fund Direct Plan Growth,100.0,APPROVE
674,71,whiteoak capital,WhiteOak Capital Quality Equity Fund,WhiteOak Capital Quality Equity Fund Direct Plan Growth,100.0,APPROVE
675,71,whiteoak capital,Whiteoak Capital Special Opportunities Fund,WhiteOak Capital Special Opportunities Fund - Direct Growth,100.0,APPROVE
676,71,whiteoak capital,WhiteOak Capital Consumption Opportunities Fund,WhiteOak Capital Consumption Opportunities Fund Direct Plan Growth,100.0,APPROVE
677,71,whiteoak capital,WhiteOak Capital Special Opportunities Fund,WhiteOak Capital Special Opportunities Fund - Direct Growth,100.0,APPROVE
678,71,whiteoak capital,WhiteOak Capital Pharma and Healthcare Fund,WhiteOak Capital Pharma and Heathcare Fund Direct Plan Growth,98.82352941176471,APPROVE
679,71,whiteoak capital,WhiteOak Capital Tax Saver Fund,WhiteOak Capital ELSS Tax Saver Fund Direct Plan Growth,92.53731343283582,APPROVE
680,71,whiteoak capital,WhiteOak Capital Flexi Cap Fund,WhiteOak Capital Mid Cap Fund Direct Plan Growth,83.33333333333334,REVIEW
681,73,nj,NJ Flexi Cap Fund,NJ Flexi Cap Fund - Direct Plan - Growth Option,100.0,APPROVE
682,73,nj,NJ ELSS Tax Saver Scheme,NJ ELSS Tax Saver Scheme Direct Growth,77.41935483870968,REVIEW
683,74,samco,SAMCO ELSS TAX SAVER FUND,Samco ELSS Tax Saver Fund - Direct Plan - Growth Option,100.0,APPROVE
684,74,samco,Samco Flexi Cap Fund,Samco Flexi Cap Fund - Direct Plan - Growth Option,100.0,APPROVE
685,74,samco,Samco Active Momentum Fund,Samco Active Momentum Fund - Direct Plan - Growth Option,100.0,APPROVE
686,74,samco,Samco Multi Cap Fund,Samco Multi Cap Fund - Direct Plan - Growth,100.0,APPROVE
687,74,samco,Samco Special Opportunities Fund,Samco Special Opportunities Fund - Direct Plan - Growth,100.0,APPROVE
688,74,samco,SAMCO FLEXI CAP FUND,Samco Flexi Cap Fund - Direct Plan - Growth Option,100.0,APPROVE
689,74,samco,Samco Large & Mid Cap Fund,Samco Large & Mid Cap Fund - Direct Plan - Growth Option,100.0,APPROVE
690,74,samco,Samco Large Cap Fund,Samco Large Cap Fund - Direct Plan - Growth Option,100.0,APPROVE
691,74,samco,SAMCO LARGE CAP FUND,Samco Large Cap Fund - Direct Plan - Growth Option,100.0,APPROVE
692,74,samco,SAMCO Flexi Cap FUND,Samco Flexi Cap Fund - Direct Plan - Growth Option,100.0,APPROVE
693,74,samco,Samco Mid Cap Fund,Samco Multi Cap Fund - Direct Plan - Growth,89.47368421052632,REVIEW
694,74,samco,Samco Small Cap Fund,Samco Flexi Cap Fund - Direct Plan - Growth Option,70.0,REVIEW
695,75,bajaj finserv,Bajaj Finserv Flexi Cap Fund,Bajaj Finserv Flexi Cap Fund-Direct Plan-Growth,100.0,APPROVE
696,75,bajaj finserv,Bajaj Finserv Banking and Financial Services Fund,Bajaj Finserv Banking and Financial Services Fund - Direct - Growth,100.0,APPROVE
697,75,bajaj finserv,Bajaj Finserv Large Cap Fund,Bajaj Finserv Flexi Cap Fund-Direct Plan-Growth,78.57142857142857,REVIEW
698,75,bajaj finserv,Bajaj Finserv ELSS Tax Saver Fund,BAJAJ FINSERV ELSS TAX SAVER FUND - DIRECT - GROWTH,78.57142857142857,REVIEW
699,75,bajaj finserv,Bajaj Finserv Multi Cap Fund,Bajaj Finserv Flexi Cap Fund-Direct Plan-Growth,78.57142857142857,REVIEW
700,75,bajaj finserv,Bajaj Finserv Small Cap Fund,Bajaj Finserv Flexi Cap Fund-Direct Plan-Growth,78.57142857142857,REVIEW
701,75,bajaj finserv,Bajaj Finserv Large and Mid Cap Fund,Bajaj Finserv Large and Mid Cap Fund- Direct Plan- Growth,77.41935483870968,REVIEW
702,75,bajaj finserv,Bajaj Finserv Large and Mid cap Fund,Bajaj Finserv Large and Mid Cap Fund- Direct Plan- Growth,77.41935483870968,REVIEW
703,75,bajaj finserv,Bajaj Finserv Consumption Fund,BAJAJ FINSERV CONSUMPTION FUND - DIRECT - GROWTH,76.92307692307692,REVIEW
704,75,bajaj finserv,Bajaj Finserv Healthcare Fund,BAJAJ FINSERV HEALTHCARE FUND - DIRECT - GROWTH,76.31578947368422,REVIEW
705,76,helios,Helios Flexi Cap Fund,Helios Flexi Cap Fund - Direct Plan - Growth Option,100.0,APPROVE
706,76,helios,Helios Financial Services Fund,Helios Financial Services Fund - Direct Plan - Growth Option,100.0,APPROVE
707,76,helios,Helios Large & Mid Cap Fund,Helios Large & Mid Cap Fund - Direct Plan - Growth Option,100.0,APPROVE
708,76,helios,Helios Mid Cap Fund,Helios Mid Cap Fund - Direct Plan - Growth Option,100.0,APPROVE
709,76,helios,Helios Small Cap Fund,Helios Small Cap Fund - Direct Plan - Growth Option,100.0,APPROVE
710,78,old bridge,Old Bridge Focused Fund,Old Bridge Focused Fund - Direct Growth,100.0,APPROVE
711,78,old bridge,Old Bridge Focused Equity Fund,Old Bridge Focused Fund - Direct Growth,86.79245283018868,REVIEW
712,78,old bridge,Old Bridge Flexi Cap Fund,Old Bridge Flexi Cap Fund Direct Growth,78.125,REVIEW
713,79,unifi,Unifi Flexi Cap Fund,Unifi Flexi Cap Fund - Direct Growth,100.0,APPROVE
714,79,unifi,UNIFI FLEXI CAP FUND,Unifi Flexi Cap Fund - Direct Growth,100.0,APPROVE
715,81,capitalmind,CAPITALMIND FLEXI CAP FUND,CAPITALMIND FLEXI CAP FUND DIRECT GROWTH,78.78787878787878,REVIEW
716,83,the wealth company,THE WEALTH COMPANY ETHICAL FUND,THE WEALTH COMPANY ETHICAL FUND DIRECT GROWTH,81.57894736842105,REVIEW
717,83,the wealth company,THE WEALTH COMPANY SMALL CAP FUND,The Wealth Company Small Cap Fund- Direct-Growth,81.4814814814815,REVIEW
718,83,the wealth company,THE WEALTH COMPANY FLEXI CAP FUND,THE WEALTH COMPANY FLEXI CAP FUND - DIRECT GROWTH,80.48780487804879,REVIEW
719,85,abakkus,Abakkus Flexi Cap Fund,Abakkus Flexi Cap Fund - Direct - Growth,100.0,APPROVE
720,85,abakkus,Abakkus Small Cap Fund,Abakkus Small Cap Fund - Direct Plan - Growth,100.0,APPROVE
